,filename,land_type_pred,pop_pred,land_name,pop,filesize
0,Belgium/images/BE010L1_KORTRIJK/50.808072_3.191864.jpg,3,1,urban_fabric,4032.95132105,14488
1,Germany/images/DE082L0_DESSAU_ROSSLAU/51.874272_12.288561.jpg,1,0,forests,0.0,10480
2,France/images/FR049L2_LORIENT/47.953677_-3.455720.jpg,1,0,forests,0.0,12242
3,Poland/images/PL033L1_LUBIN/51.448888_16.140341.jpg,1,0,forests,0.0,12339
4,Germany/images/DE054L1_KONSTANZ/47.795052_8.857448.jpg,1,0,forests,0.0,11302
5,Germany/images/DE040L1_SAARBRUCKEN/49.347347_7.211586.jpg,1,1,forests,698.0804759010001,10938
6,Germany/images/DE083L1_BRAUNSCHWEIG_SALZGITTER_WOLFSBURG/52.262193_10.820282.jpg,3,1,urban_fabric,3529.84737066,15107
7,France/images/FR324L1_MARTIGUES/43.365128_5.051089.jpg,1,0,forests,0.0,11527
8,Belgium/images/BE010L1_KORTRIJK/50.790404_3.263835.jpg,3,1,urban_fabric,1563.71464652,14952
9,Poland/images/PL037L1_GNIEZNO/52.657978_17.482720.jpg,1,0,forests,0.0,13106
10,Poland/images/PL041L1_ZAMOSC/50.688969_22.904885.jpg,1,0,forests,0.0,11301
11,Germany/images/DE037L1_MAINZ/49.964532_7.810271.jpg,1,0,forests,0.0,12047
12,Italy/images/IT515L2_TERNI/42.512504_12.500801.jpg,1,0,forests,0.0,10320
13,Germany/images/DE027L1_FREIBURG_IM_BREISGAU/47.959823_8.048743.jpg,1,0,forests,0.0,10723
14,Poland/images/PL517L2_GRUDZIADZ/53.418341_18.760910.jpg,1,0,forests,0.0,11075
15,Poland/images/PL514L2_TARNOW/49.945094_20.861194.jpg,1,0,forests,0.0,9204
16,Germany/images/DE520L1_OLDENBURG_OLDENBURG/53.176829_8.013360.jpg,3,1,urban_fabric,1528.25974744,13267
17,Poland/images/PL041L1_ZAMOSC/50.552340_23.502326.jpg,1,0,forests,0.0,10349
18,Spain/images/ES519L1_ALBACETE/38.812560_-1.632916.jpg,1,0,forests,0.0,10472
19,France/images/FR064L2_ARRAS/50.360481_2.489102.jpg,3,1,urban_fabric,998.7500935410001,10583
20,Poland/images/PL041L1_ZAMOSC/50.853655_23.039370.jpg,1,0,forests,0.0,11145
21,France/images/FR045L2_PAU/43.262174_-0.184517.jpg,3,1,urban_fabric,2069.85569322,14122
22,France/images/FR049L2_LORIENT/47.731127_-3.383501.jpg,4,0,water,0.0,9588
23,France/images/FR093L2_BRIVE_LA_GAILLARDE/45.125000_1.741608.jpg,1,0,forests,0.0,12399
24,Germany/images/DE510L1_LUBECK/53.972246_10.872864.jpg,3,1,urban_fabric,2174.97973347,12412
25,France/images/FR077L2_ROANNE/46.070569_4.070578.jpg,2,0,other_roads_and_associated_land,0.0,16802
26,Germany/images/DE063L1_PLAUEN/50.242844_12.294958.jpg,1,0,forests,0.0,10100
27,Germany/images/DE033L2_AUGSBURG/48.389878_10.913638.jpg,2,1,other_roads_and_associated_land,532.171783799,18139
28,Germany/images/DE520L1_OLDENBURG_OLDENBURG/53.126278_8.222349.jpg,3,1,urban_fabric,5792.17989615,18159
29,Poland/images/PL033L1_LUBIN/51.396517_16.194374.jpg,2,0,other_roads_and_associated_land,0.0,13647
30,UK/images/UK539L1_BOURNEMOUTH/50.744159_-1.858651.jpg,3,1,urban_fabric,3835.21681516,17626
31,France/images/FR060L2_CHARTRES/48.293892_1.164974.jpg,1,0,forests,0.0,12318
32,Poland/images/PL032L1_PIOTRKOW_TRYBUNALSKI/51.302180_19.807543.jpg,1,0,forests,0.0,10996
33,France/images/FR045L2_PAU/43.352607_-0.589180.jpg,1,0,forests,0.0,8759
34,Poland/images/PL036L1_OSTROWIEC_SWIETOKRZYSKI/50.971099_21.229603.jpg,1,0,forests,0.0,10582
35,Germany/images/DE074L1_GORLITZ/51.383960_14.490288.jpg,1,0,forests,0.0,10412
36,France/images/FR052L2_SAINT_NAZAIRE/47.238108_-2.284296.jpg,3,1,urban_fabric,813.22537842,12541
37,Germany/images/DE031L1_SCHWERIN/53.295855_11.781526.jpg,1,0,forests,0.0,12375
38,Germany/images/DE546L0_WUPPERTAL/51.234994_7.037736.jpg,1,0,forests,0.0,8513
39,Poland/images/PL029L1_SLUPSK/54.368650_17.180898.jpg,1,0,forests,0.0,13825
40,Germany/images/DE507L1_AACHEN/50.725106_6.106841.jpg,1,0,forests,0.0,11625
41,UK/images/UK056L1_HASTINGS/50.977996_0.655863.jpg,1,0,forests,0.0,11553
42,Italy/images/IT054L1_MATERA/40.704700_16.475295.jpg,1,0,forests,0.0,10354
43,Germany/images/DE539L1_COTTBUS/51.724307_14.236353.jpg,1,0,forests,0.0,11411
44,Germany/images/DE058L1_LUNEBURG/53.281553_10.450604.jpg,3,1,urban_fabric,2616.66586793,13075
45,France/images/FR077L2_ROANNE/45.969401_4.045666.jpg,1,0,forests,0.0,10290
46,Germany/images/DE008L2_LEIPZIG/51.271400_12.581219.jpg,1,0,forests,0.0,9726
47,Germany/images/DE524L2_WURZBURG/50.049292_9.603582.jpg,1,0,forests,0.0,12219
48,Germany/images/DE074L1_GORLITZ/51.364193_14.622415.jpg,1,0,forests,0.0,11604
49,Germany/images/DE040L1_SAARBRUCKEN/49.169991_6.737546.jpg,1,0,forests,0.0,10264
50,France/images/FR077L2_ROANNE/46.006630_3.876915.jpg,1,0,forests,0.0,7405
51,Poland/images/PL512L2_ELBLAG/54.204308_19.746899.jpg,1,0,forests,0.0,10766
52,Germany/images/DE537L1_REUTLINGEN/48.435383_9.411721.jpg,1,0,forests,0.0,11989
53,Germany/images/DE055L0_NEUMUNSTER/54.064124_10.016490.jpg,3,1,urban_fabric,4133.2383734,12918
54,France/images/FR036L2_ANGERS/47.562798_-0.746749.jpg,1,0,forests,0.0,12239
55,Germany/images/DE044L1_KAISERSLAUTERN/49.646956_7.653032.jpg,1,0,forests,0.0,13916
56,Germany/images/DE077L1_SCHWEINFURT/50.255836_10.230535.jpg,1,0,forests,0.0,9648
57,Germany/images/DE018L1_HALLE_AN_DER_SAALE/51.358457_11.460094.jpg,1,0,forests,0.0,11210
58,Germany/images/DE539L1_COTTBUS/51.838131_14.389477.jpg,4,0,water,0.0,8739
59,Germany/images/DE535L1_GERA/50.866749_11.992297.jpg,1,0,forests,0.0,12336
60,Poland/images/PL029L1_SLUPSK/54.457867_17.599780.jpg,1,0,forests,0.0,14405
61,Germany/images/DE523L1_PADERBORN/51.676295_8.698833.jpg,1,0,forests,0.0,10410
62,Netherlands/images/NL505L1_MAASTRICHT/50.828130_5.760649.jpg,2,0,other_roads_and_associated_land,0.0,11774
63,France/images/FR065L2_BOURGES/47.101316_2.401769.jpg,3,1,urban_fabric,7462.23354859,16595
64,Germany/images/DE546L0_WUPPERTAL/51.223820_7.118041.jpg,1,0,forests,0.0,9354
65,France/images/FR324L1_MARTIGUES/43.466276_4.944392.jpg,3,1,urban_fabric,7227.63991742,15198
66,Germany/images/DE504L1_MUNSTER/51.688028_7.422983.jpg,1,0,forests,0.0,9394
67,Germany/images/DE052L1_FLENSBURG/54.388633_9.555847.jpg,1,0,forests,0.0,7837
68,Germany/images/DE056L0_BRANDENBURG_AN_DER_HAVEL/52.374395_12.494504.jpg,1,0,forests,0.0,12249
69,Germany/images/DE019L2_MAGDEBURG/52.372120_11.314219.jpg,1,0,forests,0.0,10973
70,France/images/FR077L2_ROANNE/45.883226_4.110938.jpg,4,0,water,0.0,5075
71,Germany/images/DE077L1_SCHWEINFURT/50.000076_10.193223.jpg,3,1,urban_fabric,4149.31127232,15513
72,Germany/images/DE017L0_BIELEFELD/52.025021_8.444430.jpg,1,0,forests,0.0,10729
73,Poland/images/PL041L1_ZAMOSC/50.884551_23.279443.jpg,1,0,forests,0.0,8554
74,Poland/images/PL031L1_SIEDLCE/52.040124_22.071433.jpg,1,0,forests,0.0,11965
75,France/images/FR086L2_EVREUX/49.056720_0.797825.jpg,4,0,water,0.0,5451
76,Poland/images/PL031L1_SIEDLCE/52.160642_22.170058.jpg,1,0,forests,0.0,11021
77,Germany/images/DE071L1_STRALSUND/54.305255_13.039831.jpg,3,1,urban_fabric,4392.27831456,16810
78,Spain/images/ES533L1_MARBELLA/36.518262_-4.736973.jpg,1,0,forests,0.0,8204
79,France/images/FR037L2_BREST/48.364371_-4.391814.jpg,1,0,forests,0.0,9982
80,Germany/images/DE054L1_KONSTANZ/47.818036_8.744105.jpg,1,0,forests,0.0,11562
81,Poland/images/PL040L1_PRZEMYSL/49.664760_22.596834.jpg,1,0,forests,0.0,10527
82,France/images/FR044L2_NIMES/43.844468_4.357179.jpg,2,0,other_roads_and_associated_land,0.0,16539
83,Poland/images/PL517L2_GRUDZIADZ/53.582522_18.802222.jpg,1,0,forests,0.0,17103
84,Germany/images/DE052L1_FLENSBURG/54.764286_9.894344.jpg,1,0,forests,0.0,12470
85,Germany/images/DE074L1_GORLITZ/51.093664_14.942192.jpg,4,0,water,0.0,5979
86,France/images/FR104L2_CHALONS_EN_CHAMPAGNE/48.948321_4.480517.jpg,1,0,forests,0.0,11611
87,Germany/images/DE061L1_ASCHAFFENBURG/49.799242_9.293654.jpg,1,0,forests,0.0,11904
88,Germany/images/DE520L1_OLDENBURG_OLDENBURG/52.945504_8.249656.jpg,3,1,urban_fabric,2257.31029649,14054
89,Italy/images/IT515L2_TERNI/42.653657_12.365788.jpg,1,0,forests,0.0,8778
90,Germany/images/DE033L2_AUGSBURG/48.453335_10.773205.jpg,1,0,forests,0.0,9990
91,Germany/images/DE008L2_LEIPZIG/51.320748_12.378960.jpg,2,1,other_roads_and_associated_land,5309.79157949,15097
92,Germany/images/DE058L1_LUNEBURG/53.174754_10.313460.jpg,1,0,forests,0.0,10950
93,Germany/images/DE044L1_KAISERSLAUTERN/49.432577_7.597642.jpg,0,0,airports,0.0,7494
94,France/images/FR051L2_TROYES/48.265126_4.419641.jpg,1,0,forests,0.0,13209
95,France/images/FR051L2_TROYES/48.164956_4.193147.jpg,4,0,water,0.0,8059
96,France/images/FR084L2_CREIL/49.257455_2.308246.jpg,1,0,forests,0.0,10528
97,Germany/images/DE040L1_SAARBRUCKEN/49.345504_7.177957.jpg,2,1,other_roads_and_associated_land,5723.26584629,15076
98,France/images/FR099L2_FREJUS/43.468554_6.893691.jpg,1,0,forests,0.0,8873
99,Germany/images/DE052L1_FLENSBURG/54.788957_9.431467.jpg,3,1,urban_fabric,8571.96274619,17426
100,Poland/images/PL040L1_PRZEMYSL/49.921545_23.080470.jpg,1,0,forests,0.0,10251
101,Poland/images/PL029L1_SLUPSK/54.538822_17.063640.jpg,1,0,forests,0.0,9059
102,France/images/FR052L2_SAINT_NAZAIRE/47.282448_-2.377379.jpg,2,0,other_roads_and_associated_land,0.0,13551
103,Germany/images/DE056L0_BRANDENBURG_AN_DER_HAVEL/52.346003_12.517135.jpg,1,0,forests,0.0,13279
104,Germany/images/DE032L1_ERFURT/50.929478_11.125007.jpg,1,0,forests,0.0,11829
105,Poland/images/PL517L2_GRUDZIADZ/53.498087_18.618273.jpg,1,0,forests,0.0,12599
106,Germany/images/DE524L2_WURZBURG/49.735628_9.954554.jpg,3,1,urban_fabric,5735.12369453,15891
107,Poland/images/PL514L2_TARNOW/49.994901_20.927570.jpg,1,0,forests,0.0,8191
108,Poland/images/PL029L1_SLUPSK/54.587154_17.276336.jpg,1,0,forests,0.0,14775
109,France/images/FR052L2_SAINT_NAZAIRE/47.310923_-2.133775.jpg,0,0,airports,0.0,8108
110,Poland/images/PL041L1_ZAMOSC/50.700510_23.120614.jpg,1,0,forests,0.0,12137
111,France/images/FR073L2_TARBES/43.263220_0.106756.jpg,1,0,forests,0.0,10658
112,Spain/images/ES519L1_ALBACETE/38.856064_-1.676974.jpg,1,0,forests,0.0,14570
113,Poland/images/PL045L1_STALOWA_WOLA/50.717622_22.164560.jpg,4,0,water,0.0,10445
114,Belgium/images/BE009L1_MONS/50.455924_4.050748.jpg,1,0,forests,0.0,12083
115,France/images/FR076L2_BELFORT/47.732983_6.803880.jpg,1,0,forests,0.0,14061
116,Germany/images/DE533L1_PFORZHEIM/48.849681_8.612429.jpg,1,0,forests,0.0,11238
117,UK/images/UK571L1_CHELTENHAM/51.993844_-2.136995.jpg,3,1,urban_fabric,5031.65343222,16946
118,Italy/images/IT034L1_BOLZANO/46.787461_11.338237.jpg,1,0,forests,0.0,12605
119,Germany/images/DE542L1_HILDESHEIM/52.087681_10.155759.jpg,3,1,urban_fabric,1495.45597114,13080
120,Poland/images/PL031L1_SIEDLCE/52.110093_22.161995.jpg,1,0,forests,0.0,10514
121,Poland/images/PL033L1_LUBIN/51.396881_15.866684.jpg,1,0,forests,0.0,13192
122,Poland/images/PL047L1_LOMZA/53.140720_22.261015.jpg,1,0,forests,0.0,9932
123,Italy/images/IT515L2_TERNI/42.481227_12.526866.jpg,1,0,forests,0.0,10820
124,Poland/images/PL040L1_PRZEMYSL/49.888013_23.032428.jpg,1,0,forests,0.0,11461
125,France/images/FR036L2_ANGERS/47.609376_-0.238858.jpg,1,0,forests,0.0,10761
126,Germany/images/DE078L1_GREIFSWALD/53.534089_14.122563.jpg,4,0,water,0.0,7811
127,Germany/images/DE532L1_ULM/48.274815_9.647793.jpg,1,0,forests,0.0,11203
128,Germany/images/DE043L2_ROSTOCK/53.844741_11.963098.jpg,3,1,urban_fabric,5480.28150898,15012
129,Poland/images/PL029L1_SLUPSK/54.421174_17.344334.jpg,1,0,forests,0.0,14441
130,Germany/images/DE011L1_DUSSELDORF/51.067595_6.770050.jpg,1,1,forests,29.989084886100002,8867
131,Germany/images/DE082L0_DESSAU_ROSSLAU/51.797326_12.215892.jpg,1,0,forests,0.0,9376
132,Italy/images/IT034L1_BOLZANO/46.738828_11.358062.jpg,1,0,forests,0.0,9618
133,France/images/FR093L2_BRIVE_LA_GAILLARDE/45.062516_1.348797.jpg,1,0,forests,0.0,13673
134,Italy/images/IT054L1_MATERA/40.630418_16.450117.jpg,1,0,forests,0.0,10711
135,Germany/images/DE056L0_BRANDENBURG_AN_DER_HAVEL/52.454531_12.479992.jpg,1,0,forests,0.0,11165
136,Germany/images/DE045L1_ISERLOHN/51.407552_7.816733.jpg,3,1,urban_fabric,3321.65552062,14086
137,Germany/images/DE035L1_KARLSRUHE/49.168459_8.654518.jpg,1,0,forests,0.0,11392
138,France/images/FR043L2_PERPIGNAN/42.527306_3.004238.jpg,1,0,forests,0.0,12218
139,France/images/FR056L2_ANGOULEME/45.664336_0.212001.jpg,3,1,urban_fabric,1515.81264622,14148
140,France/images/FR037L2_BREST/48.346242_-4.707709.jpg,3,1,urban_fabric,1205.16292635,16235
141,Germany/images/DE065L1_FULDA/50.741391_9.715460.jpg,1,0,forests,0.0,9878
142,France/images/FR099L2_FREJUS/43.393813_6.715721.jpg,2,0,other_roads_and_associated_land,0.0,15121
143,Poland/images/PL051L1_TCZEW/54.091956_18.787770.jpg,3,1,urban_fabric,23168.2462536,16363
144,Germany/images/DE069L1_ROSENHEIM/47.960843_12.311768.jpg,1,0,forests,0.0,14431
145,Germany/images/DE523L1_PADERBORN/51.652750_8.706179.jpg,3,1,urban_fabric,1833.22180255,12750
146,Germany/images/DE027L1_FREIBURG_IM_BREISGAU/48.003836_7.847118.jpg,2,1,other_roads_and_associated_land,1357.92303076,18355
147,Germany/images/DE532L1_ULM/48.290569_9.822768.jpg,4,0,water,0.0,7006
148,Poland/images/PL512L2_ELBLAG/54.184810_19.448591.jpg,1,0,forests,0.0,11553
149,Germany/images/DE073L1_OFFENBURG/48.256107_8.265295.jpg,1,0,forests,0.0,11898
150,Netherlands/images/NL515L2_VENLO/51.360379_5.900139.jpg,1,0,forests,0.0,10015
151,Germany/images/DE539L1_COTTBUS/51.765620_14.591320.jpg,4,0,water,0.0,10316
152,UK/images/UK539L1_BOURNEMOUTH/50.757460_-1.948994.jpg,1,0,forests,0.0,12481
153,France/images/FR084L2_CREIL/49.259077_2.479552.jpg,2,0,other_roads_and_associated_land,0.0,14506
154,Germany/images/DE043L2_ROSTOCK/53.763590_12.064810.jpg,4,1,water,27.642173961300003,5984
155,Germany/images/DE035L1_KARLSRUHE/49.009475_8.416162.jpg,2,1,other_roads_and_associated_land,914.5298073999999,15988
156,Germany/images/DE040L1_SAARBRUCKEN/49.371083_7.296522.jpg,1,0,forests,0.0,11130
157,Poland/images/PL506L2_BIELSKO_BIALA/49.915447_18.933910.jpg,1,0,forests,0.0,12096
158,Germany/images/DE036L0_MONCHENGLADBACH/51.138772_6.390740.jpg,1,1,forests,45.10431847979999,8907
159,Germany/images/DE510L1_LUBECK/54.005530_10.562055.jpg,3,1,urban_fabric,2065.66399468,14050
160,Germany/images/DE029L0_FRANKFURT_ODER/52.281956_14.493051.jpg,1,0,forests,0.0,11903
161,Germany/images/DE034L1_BONN/50.667260_7.268875.jpg,1,0,forests,0.0,10207
162,Germany/images/DE523L1_PADERBORN/51.856917_8.741472.jpg,1,0,forests,0.0,10638
163,UK/images/UK539L1_BOURNEMOUTH/50.720611_-2.109159.jpg,1,0,forests,0.0,11725
164,France/images/FR044L2_NIMES/43.924661_4.179360.jpg,1,0,forests,0.0,8945
165,Germany/images/DE069L1_ROSENHEIM/47.746148_12.036521.jpg,1,0,forests,0.0,10678
166,Germany/images/DE032L1_ERFURT/50.809960_10.703135.jpg,1,0,forests,0.0,11862
167,France/images/FR044L2_NIMES/43.941560_4.498699.jpg,1,0,forests,0.0,10567
168,Germany/images/DE060L1_CELLE/52.596801_10.074925.jpg,3,1,urban_fabric,2392.78251273,13361
169,France/images/FR074L2_COMPIEGNE/49.366556_2.855105.jpg,1,0,forests,0.0,11108
170,Germany/images/DE520L1_OLDENBURG_OLDENBURG/53.176063_8.166403.jpg,0,0,airports,0.0,12104
171,France/images/FR208L1_HENIN_CARVIN/50.442860_2.964492.jpg,3,1,urban_fabric,1194.53935727,10755
172,Spain/images/ES522L1_CADIZ/36.539643_-6.119626.jpg,1,0,forests,0.0,11709
173,France/images/FR505L1_CHARLEVILLE_MEZIERES/49.870864_4.607020.jpg,4,0,water,0.0,5576
174,Poland/images/PL049L1_SWIDNICA/50.936287_16.488619.jpg,3,1,urban_fabric,12475.4655631,13969
175,France/images/FR073L2_TARBES/43.253736_0.074117.jpg,3,1,urban_fabric,1898.17443117,12300
176,Poland/images/PL512L2_ELBLAG/54.150311_19.396905.jpg,3,1,urban_fabric,3587.47146474,9351
177,Poland/images/PL047L1_LOMZA/53.100830_22.091692.jpg,1,0,forests,0.0,10671
178,Germany/images/DE048L1_WILHELMSHAVEN/53.395767_7.996271.jpg,1,0,forests,0.0,10570
179,France/images/FR050L2_MONTBELLIARD/47.481318_6.948383.jpg,1,0,forests,0.0,11831
180,Germany/images/DE044L1_KAISERSLAUTERN/49.675237_7.643086.jpg,1,0,forests,0.0,9886
181,Poland/images/PL046L1_TOMASZOW_MAZOWIECKI/51.473557_20.127154.jpg,1,0,forests,0.0,11324
182,Germany/images/DE043L2_ROSTOCK/54.083981_12.184738.jpg,3,1,urban_fabric,3230.48487068,14815
183,France/images/FR057L2_BOULOGNE_SUR_MER/50.735732_1.740141.jpg,1,0,forests,0.0,13887
184,Germany/images/DE011L1_DUSSELDORF/51.102696_6.502459.jpg,2,1,other_roads_and_associated_land,6267.14400338,18776
185,Germany/images/DE513L1_KASSEL/51.225772_9.628133.jpg,1,0,forests,0.0,9272
186,Poland/images/PL512L2_ELBLAG/54.177434_19.554014.jpg,1,0,forests,0.0,12102
187,France/images/FR068L2_VANNES/47.508699_-2.709425.jpg,3,1,urban_fabric,322.314756858,13027
188,Italy/images/IT515L2_TERNI/42.469442_12.447894.jpg,1,0,forests,0.0,10090
189,Germany/images/DE065L1_FULDA/50.499109_9.924851.jpg,1,0,forests,0.0,9332
190,Poland/images/PL032L1_PIOTRKOW_TRYBUNALSKI/51.501577_19.717902.jpg,3,1,urban_fabric,2217.26680246,10887
191,Poland/images/PL032L1_PIOTRKOW_TRYBUNALSKI/51.285613_19.783213.jpg,1,0,forests,0.0,9954
192,Poland/images/PL049L1_SWIDNICA/50.804859_16.345477.jpg,1,0,forests,0.0,12417
193,France/images/FR058L2_CHAMBERY/45.564198_5.945750.jpg,2,0,other_roads_and_associated_land,0.0,15226
194,Poland/images/PL032L1_PIOTRKOW_TRYBUNALSKI/51.502818_19.455491.jpg,1,0,forests,0.0,11356
195,Germany/images/DE048L1_WILHELMSHAVEN/53.535129_7.869420.jpg,0,0,airports,0.0,5016
196,Germany/images/DE081L1_PASSAU/48.294072_13.257632.jpg,4,0,water,0.0,9643
197,Germany/images/DE074L1_GORLITZ/51.305204_14.946513.jpg,1,0,forests,0.0,11088
198,Germany/images/DE027L1_FREIBURG_IM_BREISGAU/47.921665_8.297628.jpg,1,0,forests,0.0,13627
199,Germany/images/DE542L1_HILDESHEIM/52.128917_10.166223.jpg,1,0,forests,0.0,12361
200,Germany/images/DE008L2_LEIPZIG/51.162928_12.813766.jpg,1,0,forests,0.0,11584
201,Germany/images/DE537L1_REUTLINGEN/48.273178_9.444276.jpg,1,0,forests,0.0,9581
202,Poland/images/PL514L2_TARNOW/50.077376_20.784664.jpg,1,0,forests,0.0,11765
203,Germany/images/DE069L1_ROSENHEIM/47.962469_12.191109.jpg,1,0,forests,0.0,12535
204,Italy/images/IT047L1_MASSA/44.049699_10.153542.jpg,1,0,forests,0.0,9275
205,Germany/images/DE061L1_ASCHAFFENBURG/50.004428_9.353529.jpg,1,0,forests,0.0,13911
206,Germany/images/DE537L1_REUTLINGEN/48.500558_9.576653.jpg,1,0,forests,0.0,11873
207,Poland/images/PL040L1_PRZEMYSL/49.884804_23.004895.jpg,4,0,water,0.0,6179
208,Poland/images/PL032L1_PIOTRKOW_TRYBUNALSKI/51.465093_19.707757.jpg,1,0,forests,0.0,10823
209,France/images/FR049L2_LORIENT/47.718928_-3.248999.jpg,1,0,forests,0.0,9607
210,Germany/images/DE040L1_SAARBRUCKEN/49.353670_6.704538.jpg,4,0,water,0.0,6246
211,Poland/images/PL037L1_GNIEZNO/52.703523_17.607000.jpg,1,0,forests,0.0,10759
212,Germany/images/DE533L1_PFORZHEIM/48.802766_8.541589.jpg,1,0,forests,0.0,10835
213,Germany/images/DE083L1_BRAUNSCHWEIG_SALZGITTER_WOLFSBURG/52.230755_10.537990.jpg,3,1,urban_fabric,5284.37632093,11761
214,Belgium/images/BE009L1_MONS/50.495772_3.948082.jpg,1,0,forests,0.0,11975
215,Netherlands/images/NL515L2_VENLO/51.348343_6.059690.jpg,1,0,forests,0.0,9676
216,Germany/images/DE028L1_REGENSBURG/49.022752_12.144848.jpg,4,1,water,1891.46141357,8014
217,France/images/FR050L2_MONTBELLIARD/47.616979_6.571717.jpg,1,0,forests,0.0,11982
218,Germany/images/DE063L1_PLAUEN/50.474732_12.415309.jpg,1,0,forests,0.0,10650
219,Germany/images/DE026L1_TRIER/49.613631_6.698113.jpg,1,0,forests,0.0,10323
220,Germany/images/DE032L1_ERFURT/50.801782_10.876505.jpg,1,0,forests,0.0,13295
221,Poland/images/PL517L2_GRUDZIADZ/53.497651_18.653702.jpg,1,0,forests,0.0,12608
222,Poland/images/PL045L1_STALOWA_WOLA/50.738510_21.981942.jpg,1,0,forests,0.0,8030
223,Germany/images/DE058L1_LUNEBURG/53.183806_10.735548.jpg,3,1,urban_fabric,1613.79168487,14938
224,Germany/images/DE027L1_FREIBURG_IM_BREISGAU/47.977685_7.899816.jpg,3,1,urban_fabric,249.018380567,18178
225,Germany/images/DE066L1_KEMPTEN_ALLGAU/47.741947_10.137855.jpg,1,0,forests,0.0,11554
226,Germany/images/DE539L1_COTTBUS/51.747347_14.318344.jpg,2,1,other_roads_and_associated_land,4332.69095488,14760
227,Germany/images/DE037L1_MAINZ/50.026333_7.727412.jpg,1,0,forests,0.0,8017
228,UK/images/UK517L1_SWANSEA/51.607753_-4.027012.jpg,1,0,forests,0.0,10526
229,France/images/FR093L2_BRIVE_LA_GAILLARDE/45.170906_1.513116.jpg,2,0,other_roads_and_associated_land,0.0,14645
230,Netherlands/images/NL519L2_ALMELO/52.345220_6.518393.jpg,1,0,forests,0.0,11803
231,Poland/images/PL506L2_BIELSKO_BIALA/49.813348_18.946507.jpg,3,1,urban_fabric,1089.20346341,12455
232,Poland/images/PL037L1_GNIEZNO/52.379426_17.478999.jpg,1,0,forests,0.0,9309
233,Germany/images/DE507L1_AACHEN/50.785173_6.243795.jpg,3,1,urban_fabric,2499.03043308,14871
234,UK/images/UK056L1_HASTINGS/50.982877_0.571258.jpg,1,0,forests,0.0,8978
235,France/images/FR038L2_LE_MANS/48.004316_0.252912.jpg,2,0,other_roads_and_associated_land,0.0,12791
236,Italy/images/IT515L2_TERNI/42.475559_12.572466.jpg,1,0,forests,0.0,11573
237,Germany/images/DE008L2_LEIPZIG/51.411566_12.985739.jpg,1,0,forests,0.0,10985
238,Poland/images/PL517L2_GRUDZIADZ/53.489922_18.845792.jpg,1,0,forests,0.0,10126
239,Germany/images/DE027L1_FREIBURG_IM_BREISGAU/48.122732_7.990043.jpg,1,0,forests,0.0,9167
240,Poland/images/PL036L1_OSTROWIEC_SWIETOKRZYSKI/51.026401_21.314437.jpg,1,0,forests,0.0,11163
241,Germany/images/DE036L0_MONCHENGLADBACH/51.199591_6.389292.jpg,3,1,urban_fabric,193.496780445,7758
242,Germany/images/DE535L1_GERA/50.615015_12.093374.jpg,1,0,forests,0.0,11285
243,Germany/images/DE048L1_WILHELMSHAVEN/53.392695_7.904437.jpg,1,0,forests,0.0,6541
244,Germany/images/DE042L1_KOBLENZ/50.444121_7.341424.jpg,1,0,forests,0.0,11557
245,France/images/FR065L2_BOURGES/47.107552_2.410489.jpg,3,1,urban_fabric,7684.794893000001,15275
246,Germany/images/DE043L2_ROSTOCK/53.689729_12.392483.jpg,1,0,forests,0.0,10451
247,UK/images/UK551L0_FALKIRK/56.082380_-3.825641.jpg,1,0,forests,0.0,10934
248,Poland/images/PL040L1_PRZEMYSL/49.589574_22.681158.jpg,1,0,forests,0.0,13014
249,Germany/images/DE032L1_ERFURT/50.855169_10.953392.jpg,2,1,other_roads_and_associated_land,77.51090710529999,13252
250,Germany/images/DE045L1_ISERLOHN/51.144152_7.759468.jpg,1,0,forests,0.0,12189
251,Germany/images/DE081L1_PASSAU/48.572201_13.214363.jpg,1,0,forests,0.0,10376
252,Germany/images/DE542L1_HILDESHEIM/52.130830_9.741152.jpg,3,1,urban_fabric,3714.0271723000005,14402
253,Poland/images/PL032L1_PIOTRKOW_TRYBUNALSKI/51.192919_19.927029.jpg,1,0,forests,0.0,12340
254,Belgium/images/BE008L1_LEUVEN/50.959801_4.714312.jpg,1,0,forests,0.0,9457
255,UK/images/UK539L1_BOURNEMOUTH/50.741403_-1.901669.jpg,3,1,urban_fabric,5423.48671754,17561
256,UK/images/UK056L1_HASTINGS/50.914139_0.505309.jpg,1,0,forests,0.0,9932
257,Germany/images/DE083L1_BRAUNSCHWEIG_SALZGITTER_WOLFSBURG/52.340069_10.513665.jpg,3,1,urban_fabric,2292.18141498,15576
258,Germany/images/DE043L2_ROSTOCK/53.810364_11.960144.jpg,1,0,forests,0.0,13144
259,Germany/images/DE055L0_NEUMUNSTER/54.086601_9.949168.jpg,1,0,forests,0.0,11912
260,Germany/images/DE055L0_NEUMUNSTER/54.087828_9.991686.jpg,3,1,urban_fabric,3963.12971039,13476
261,Germany/images/DE062L1_BAMBERG/49.884228_10.881451.jpg,3,1,urban_fabric,6178.82147362,14412
262,Poland/images/PL029L1_SLUPSK/54.625917_17.345413.jpg,1,0,forests,0.0,8309
263,Poland/images/PL036L1_OSTROWIEC_SWIETOKRZYSKI/51.001513_21.297519.jpg,1,0,forests,0.0,10900
264,France/images/FR324L1_MARTIGUES/43.450745_4.888420.jpg,1,0,forests,0.0,7754
265,Germany/images/DE083L1_BRAUNSCHWEIG_SALZGITTER_WOLFSBURG/52.582191_10.651122.jpg,1,0,forests,0.0,10853
266,Poland/images/PL031L1_SIEDLCE/52.243146_22.490642.jpg,1,0,forests,0.0,10809
267,Germany/images/DE527L1_BREMERHAVEN/53.522260_8.639012.jpg,3,1,urban_fabric,3337.08280542,17939
268,Poland/images/PL047L1_LOMZA/53.208496_22.043405.jpg,1,0,forests,0.0,10593
269,Spain/images/ES525L1_TARRAGONA/41.160309_1.303082.jpg,1,0,forests,0.0,12541
270,France/images/FR076L2_BELFORT/47.643106_6.740872.jpg,1,0,forests,0.0,10821
271,Germany/images/DE031L1_SCHWERIN/53.348372_11.166114.jpg,1,0,forests,0.0,13110
272,Germany/images/DE074L1_GORLITZ/51.425756_14.751562.jpg,1,0,forests,0.0,14613
273,Poland/images/PL044L1_GLOGOW/51.749291_16.113230.jpg,1,0,forests,0.0,11727
274,UK/images/UK517L1_SWANSEA/51.663002_-3.659921.jpg,1,0,forests,0.0,13368
275,Poland/images/PL046L1_TOMASZOW_MAZOWIECKI/51.522383_19.957524.jpg,1,0,forests,0.0,17966
276,Germany/images/DE081L1_PASSAU/48.705108_13.287926.jpg,1,0,forests,0.0,11983
277,Germany/images/DE048L1_WILHELMSHAVEN/53.528346_8.099744.jpg,2,1,other_roads_and_associated_land,5716.19353781,14879
278,France/images/FR062L2_CALAIS/50.828992_2.058236.jpg,1,0,forests,0.0,11289
279,Poland/images/PL041L1_ZAMOSC/50.680297_22.886317.jpg,1,0,forests,0.0,11618
280,Germany/images/DE052L1_FLENSBURG/54.514968_9.570309.jpg,3,1,urban_fabric,5335.23132118,15827
281,France/images/FR073L2_TARBES/43.194674_0.129863.jpg,1,0,forests,0.0,9124
282,France/images/FR049L2_LORIENT/47.977920_-3.337640.jpg,1,0,forests,0.0,12289
283,Germany/images/DE042L1_KOBLENZ/50.294188_7.584922.jpg,1,0,forests,0.0,11782
284,France/images/FR059L2_CHALON_SUR_SAONE/46.803422_4.587244.jpg,1,0,forests,0.0,12146
285,Poland/images/PL512L2_ELBLAG/54.147808_19.552405.jpg,1,0,forests,0.0,9042
286,Poland/images/PL041L1_ZAMOSC/50.764856_23.056587.jpg,1,0,forests,0.0,10387
287,UK/images/UK571L1_CHELTENHAM/51.966792_-1.986341.jpg,1,0,forests,0.0,10422
288,Germany/images/DE061L1_ASCHAFFENBURG/49.632230_9.150428.jpg,1,0,forests,0.0,11987
289,Poland/images/PL506L2_BIELSKO_BIALA/49.919793_19.112575.jpg,3,1,urban_fabric,954.36823933,10782
290,Poland/images/PL033L1_LUBIN/51.606189_16.388861.jpg,1,0,forests,0.0,10714
291,Germany/images/DE510L1_LUBECK/54.378119_10.963125.jpg,4,0,water,0.0,10248
292,Poland/images/PL036L1_OSTROWIEC_SWIETOKRZYSKI/51.023189_21.617204.jpg,1,0,forests,0.0,11918
293,Poland/images/PL052L1_ELK/53.808680_22.343904.jpg,4,0,water,0.0,6080
294,France/images/FR042L2_DUNKERQUE/51.028760_2.353783.jpg,2,0,other_roads_and_associated_land,0.0,15292
295,Poland/images/PL041L1_ZAMOSC/50.636451_23.423298.jpg,1,0,forests,0.0,10571
296,France/images/FR063L2_BEZIERS/43.277132_3.340194.jpg,4,0,water,0.0,6678
297,Germany/images/DE060L1_CELLE/52.658752_9.800501.jpg,1,0,forests,0.0,11833
298,Belgium/images/BE010L1_KORTRIJK/50.782853_3.373898.jpg,1,0,forests,0.0,10992
299,Germany/images/DE546L0_WUPPERTAL/51.217392_7.176126.jpg,1,0,forests,0.0,9759
300,Germany/images/DE018L1_HALLE_AN_DER_SAALE/51.488783_11.916246.jpg,1,0,forests,0.0,18305
301,UK/images/UK056L1_HASTINGS/50.917413_0.421827.jpg,1,0,forests,0.0,8504
302,Germany/images/DE061L1_ASCHAFFENBURG/49.808272_9.379123.jpg,1,0,forests,0.0,11696
303,France/images/FR077L2_ROANNE/46.127018_3.876183.jpg,1,0,forests,0.0,8659
304,Germany/images/DE520L1_OLDENBURG_OLDENBURG/53.230802_8.104067.jpg,1,0,forests,0.0,9792
305,Poland/images/PL512L2_ELBLAG/54.304723_19.490318.jpg,1,0,forests,0.0,11675
306,Germany/images/DE077L1_SCHWEINFURT/50.343962_9.763760.jpg,1,0,forests,0.0,14710
307,Germany/images/DE520L1_OLDENBURG_OLDENBURG/53.193988_8.020149.jpg,4,0,water,0.0,8466
308,Belgium/images/BE009L1_MONS/50.480651_3.968066.jpg,1,0,forests,0.0,10127
309,Italy/images/IT034L1_BOLZANO/46.485057_11.318154.jpg,3,1,urban_fabric,20292.8975819,14195
310,Germany/images/DE532L1_ULM/48.329231_9.891931.jpg,3,1,urban_fabric,2294.18659429,15218
311,Germany/images/DE507L1_AACHEN/50.671776_6.181867.jpg,1,0,forests,0.0,11713
312,Poland/images/PL506L2_BIELSKO_BIALA/49.884936_19.071114.jpg,1,0,forests,0.0,12181
313,Germany/images/DE032L1_ERFURT/50.774877_10.647936.jpg,4,0,water,0.0,5534
314,Germany/images/DE513L1_KASSEL/51.308271_9.345476.jpg,1,0,forests,0.0,16156
315,Poland/images/PL029L1_SLUPSK/54.443521_17.101650.jpg,1,0,forests,0.0,8298
316,Germany/images/DE520L1_OLDENBURG_OLDENBURG/53.088666_8.536068.jpg,2,1,other_roads_and_associated_land,2824.43400265,13230
317,Germany/images/DE510L1_LUBECK/54.294451_10.905632.jpg,3,1,urban_fabric,2685.75989481,14707
318,Germany/images/DE044L1_KAISERSLAUTERN/49.429762_7.598222.jpg,0,0,airports,0.0,7960
319,France/images/FR090L2_CHATEAUROUX/46.660310_1.687280.jpg,1,0,forests,0.0,12369
320,Poland/images/PL045L1_STALOWA_WOLA/50.698717_22.187482.jpg,4,0,water,0.0,5887
321,Poland/images/PL516L2_LEGNICA/51.280434_16.309681.jpg,1,0,forests,0.0,13131
322,Germany/images/DE031L1_SCHWERIN/53.463722_11.501065.jpg,3,1,urban_fabric,840.488154357,14722
323,Germany/images/DE019L2_MAGDEBURG/52.314296_11.253982.jpg,1,0,forests,0.0,11200
324,Netherlands/images/NL519L2_ALMELO/52.364485_6.712025.jpg,1,0,forests,0.0,10779
325,France/images/FR044L2_NIMES/43.836516_4.365878.jpg,2,0,other_roads_and_associated_land,0.0,16037
326,Germany/images/DE034L1_BONN/50.814008_7.154148.jpg,2,1,other_roads_and_associated_land,6809.64801977,12884
327,Poland/images/PL032L1_PIOTRKOW_TRYBUNALSKI/51.261959_19.946178.jpg,1,0,forests,0.0,12073
328,Germany/images/DE045L1_ISERLOHN/51.354506_7.749720.jpg,1,0,forests,0.0,12543
329,Germany/images/DE037L1_MAINZ/49.973757_7.963902.jpg,4,0,water,0.0,6249
330,France/images/FR068L2_VANNES/47.745642_-2.768295.jpg,1,0,forests,0.0,10327
331,France/images/FR057L2_BOULOGNE_SUR_MER/50.649960_1.622828.jpg,3,1,urban_fabric,1975.24859687,12703
332,Germany/images/DE037L1_MAINZ/50.003823_8.043642.jpg,4,0,water,0.0,5535
333,Poland/images/PL514L2_TARNOW/49.974661_21.118846.jpg,3,1,urban_fabric,1665.62985622,11507
334,Poland/images/PL052L1_ELK/53.722638_22.264896.jpg,1,0,forests,0.0,12134
335,France/images/FR058L2_CHAMBERY/45.550021_5.978436.jpg,3,1,urban_fabric,3996.22388889,13151
336,Germany/images/DE547L2_JENA/50.955563_11.653865.jpg,1,0,forests,0.0,11491
337,Germany/images/DE540L2_SIEGEN/51.013442_8.192527.jpg,1,0,forests,0.0,11864
338,Germany/images/DE522L1_HEIDELBERG/49.379815_8.698483.jpg,1,0,forests,0.0,9883
339,UK/images/UK517L1_SWANSEA/51.683064_-3.816548.jpg,3,1,urban_fabric,4249.07259807,16062
340,Germany/images/DE504L1_MUNSTER/51.800569_7.257637.jpg,1,1,forests,180.81299991400002,10688
341,France/images/FR038L2_LE_MANS/47.773377_0.061231.jpg,1,0,forests,0.0,11779
342,Germany/images/DE073L1_OFFENBURG/48.305149_7.905859.jpg,1,0,forests,0.0,11792
343,Germany/images/DE508L0_KREFELD/51.379088_6.545031.jpg,1,1,forests,277.033588174,8591
344,Poland/images/PL040L1_PRZEMYSL/49.765257_22.740095.jpg,1,0,forests,0.0,12211
345,Germany/images/DE524L2_WURZBURG/49.802636_9.917703.jpg,4,1,water,129.591824349,11246
346,Poland/images/PL033L1_LUBIN/51.314540_16.131698.jpg,1,0,forests,0.0,12344
347,France/images/FR077L2_ROANNE/46.054601_4.001625.jpg,0,0,airports,0.0,5833
348,France/images/FR045L2_PAU/43.292163_-0.347812.jpg,2,0,other_roads_and_associated_land,0.0,15086
349,Spain/images/ES519L1_ALBACETE/39.127022_-1.840937.jpg,1,0,forests,0.0,13913
350,Germany/images/DE529L1_HEILBRONN/49.102670_9.348229.jpg,1,0,forests,0.0,12292
351,France/images/FR324L1_MARTIGUES/43.434820_5.055789.jpg,1,0,forests,0.0,11676
352,Poland/images/PL036L1_OSTROWIEC_SWIETOKRZYSKI/50.930297_21.396278.jpg,1,0,forests,0.0,7943
353,UK/images/UK056L1_HASTINGS/50.987316_0.455022.jpg,1,0,forests,0.0,12074
354,Poland/images/PL031L1_SIEDLCE/52.242840_22.305786.jpg,1,0,forests,0.0,9557
355,Poland/images/PL029L1_SLUPSK/54.352054_17.345000.jpg,1,0,forests,0.0,13695
356,France/images/FR505L1_CHARLEVILLE_MEZIERES/49.773591_4.717924.jpg,2,0,other_roads_and_associated_land,0.0,11477
357,France/images/FR099L2_FREJUS/43.438935_6.724742.jpg,3,1,urban_fabric,8424.63292078,17124
358,Netherlands/images/NL515L2_VENLO/51.288627_6.052825.jpg,4,0,water,0.0,5249
359,UK/images/UK539L1_BOURNEMOUTH/50.684035_-2.269261.jpg,1,0,forests,0.0,12724
360,Italy/images/IT515L2_TERNI/42.493427_12.679546.jpg,1,0,forests,0.0,10928
361,France/images/FR052L2_SAINT_NAZAIRE/47.535450_-2.058713.jpg,1,0,forests,0.0,9651
362,France/images/FR059L2_CHALON_SUR_SAONE/46.602108_4.821649.jpg,1,0,forests,0.0,11477
363,Poland/images/PL045L1_STALOWA_WOLA/50.694160_22.071384.jpg,3,1,urban_fabric,2440.16480382,12939
364,France/images/FR069L2_CHERBOURG/49.631368_-1.603933.jpg,3,1,urban_fabric,11480.4949877,13772
365,France/images/FR051L2_TROYES/48.303583_4.078428.jpg,2,0,other_roads_and_associated_land,0.0,15909
366,France/images/FR066L2_SAINT_BRIEUC/48.430961_-2.795867.jpg,3,1,urban_fabric,593.227230392,12209
367,France/images/FR069L2_CHERBOURG/49.622492_-1.449289.jpg,1,0,forests,0.0,11395
368,Germany/images/DE017L0_BIELEFELD/51.972414_8.584910.jpg,1,0,forests,0.0,10850
369,Poland/images/PL037L1_GNIEZNO/52.491030_17.616439.jpg,1,0,forests,0.0,10661
370,Poland/images/PL049L1_SWIDNICA/50.972924_16.484653.jpg,1,0,forests,0.0,11819
371,Germany/images/DE067L1_LANDSHUT/48.386213_12.424019.jpg,1,0,forests,0.0,11873
372,UK/images/UK517L1_SWANSEA/51.684574_-3.926419.jpg,3,1,urban_fabric,7053.59387379,16554
373,Poland/images/PL041L1_ZAMOSC/50.783417_22.980510.jpg,4,0,water,0.0,9693
374,Poland/images/PL040L1_PRZEMYSL/49.821101_22.748551.jpg,1,0,forests,0.0,10975
375,Poland/images/PL032L1_PIOTRKOW_TRYBUNALSKI/51.273246_19.502614.jpg,1,0,forests,0.0,10046
376,Italy/images/IT501L2_MESSINA/38.230925_15.500161.jpg,1,0,forests,0.0,9070
377,Poland/images/PL041L1_ZAMOSC/50.895768_23.277872.jpg,1,0,forests,0.0,8059
378,Poland/images/PL052L1_ELK/53.784476_22.277531.jpg,1,0,forests,0.0,11237
379,Germany/images/DE539L1_COTTBUS/51.560992_14.388146.jpg,3,1,urban_fabric,2136.99257812,14131
380,Germany/images/DE035L1_KARLSRUHE/49.103938_8.578791.jpg,1,0,forests,0.0,11769
381,Poland/images/PL032L1_PIOTRKOW_TRYBUNALSKI/51.322917_19.753742.jpg,1,0,forests,0.0,11788
382,Poland/images/PL036L1_OSTROWIEC_SWIETOKRZYSKI/50.884881_21.164870.jpg,1,0,forests,0.0,10801
383,Poland/images/PL044L1_GLOGOW/51.649655_15.865569.jpg,1,0,forests,0.0,12337
384,Poland/images/PL049L1_SWIDNICA/50.817219_16.357278.jpg,1,0,forests,0.0,13617
385,France/images/FR063L2_BEZIERS/43.387209_2.997467.jpg,1,0,forests,0.0,10652
386,Germany/images/DE540L2_SIEGEN/50.759580_8.083950.jpg,1,0,forests,0.0,11397
387,Poland/images/PL040L1_PRZEMYSL/49.833017_22.644870.jpg,1,0,forests,0.0,12598
388,Poland/images/PL512L2_ELBLAG/54.147081_19.437922.jpg,3,1,urban_fabric,7974.28592064,12468
389,Italy/images/IT501L2_MESSINA/38.264671_15.536542.jpg,1,0,forests,0.0,9058
390,Poland/images/PL045L1_STALOWA_WOLA/50.565613_22.164426.jpg,1,0,forests,0.0,11912
391,Germany/images/DE045L1_ISERLOHN/51.434738_7.786044.jpg,3,1,urban_fabric,2624.12671275,13436
392,France/images/FR093L2_BRIVE_LA_GAILLARDE/45.161419_1.535419.jpg,2,0,other_roads_and_associated_land,0.0,17115
393,Germany/images/DE065L1_FULDA/50.715741_9.756676.jpg,1,0,forests,0.0,12779
394,France/images/FR042L2_DUNKERQUE/51.053738_2.507648.jpg,3,1,urban_fabric,1123.20696792,12090
395,Germany/images/DE513L1_KASSEL/51.493706_9.367911.jpg,3,1,urban_fabric,3363.41722927,16212
396,France/images/FR069L2_CHERBOURG/49.637184_-1.581365.jpg,2,0,other_roads_and_associated_land,0.0,14306
397,Germany/images/DE520L1_OLDENBURG_OLDENBURG/52.997458_8.441383.jpg,1,0,forests,0.0,10120
398,Germany/images/DE027L1_FREIBURG_IM_BREISGAU/48.016272_7.801480.jpg,2,1,other_roads_and_associated_land,786.441860057,18201
399,France/images/FR038L2_LE_MANS/47.923801_0.165243.jpg,4,0,water,0.0,5315
400,UK/images/UK056L1_HASTINGS/50.958100_0.573152.jpg,1,0,forests,0.0,9616
401,Germany/images/DE017L0_BIELEFELD/52.027176_8.506113.jpg,1,1,forests,57.998842913800004,11249
402,Germany/images/DE050L1_TUBINGEN/48.458223_8.860799.jpg,1,0,forests,0.0,12401
403,Poland/images/PL506L2_BIELSKO_BIALA/49.860102_18.995797.jpg,3,1,urban_fabric,2060.31648841,13739
404,Poland/images/PL047L1_LOMZA/53.200400_22.056762.jpg,1,0,forests,0.0,11790
405,UK/images/UK517L1_SWANSEA/51.605705_-3.994406.jpg,3,1,urban_fabric,2397.5739215,15403
406,Germany/images/DE040L1_SAARBRUCKEN/49.176963_7.182704.jpg,1,0,forests,0.0,12507
407,Spain/images/ES525L1_TARRAGONA/41.151139_1.258536.jpg,1,0,forests,0.0,11297
408,Germany/images/DE031L1_SCHWERIN/53.407170_11.401338.jpg,1,0,forests,0.0,11841
409,Germany/images/DE034L1_BONN/50.796318_7.464550.jpg,1,0,forests,0.0,8341
410,Poland/images/PL036L1_OSTROWIEC_SWIETOKRZYSKI/50.938874_21.523970.jpg,1,0,forests,0.0,8569
411,France/images/FR058L2_CHAMBERY/45.546495_5.816202.jpg,1,0,forests,0.0,7275
412,France/images/FR090L2_CHATEAUROUX/46.672010_1.820357.jpg,4,0,water,0.0,8377
413,Poland/images/PL512L2_ELBLAG/54.156556_19.407225.jpg,3,1,urban_fabric,18452.4429504,10206
414,Spain/images/ES522L1_CADIZ/36.526828_-6.082397.jpg,1,0,forests,0.0,12694
415,Germany/images/DE066L1_KEMPTEN_ALLGAU/47.542460_10.172962.jpg,1,0,forests,0.0,10568
416,France/images/FR074L2_COMPIEGNE/49.415654_2.972890.jpg,1,0,forests,0.0,9819
417,Poland/images/PL049L1_SWIDNICA/50.862641_16.613948.jpg,1,0,forests,0.0,11988
418,UK/images/UK517L1_SWANSEA/51.648178_-4.029750.jpg,1,0,forests,0.0,9582
419,Germany/images/DE067L1_LANDSHUT/48.693745_12.240767.jpg,1,0,forests,0.0,13812
420,Germany/images/DE537L1_REUTLINGEN/48.306553_9.211723.jpg,1,0,forests,0.0,10010
421,Germany/images/DE084L1_MANNHEIM_LUDWIGSHAFEN/49.638046_8.529569.jpg,1,0,forests,0.0,10454
422,France/images/FR044L2_NIMES/43.889866_4.255216.jpg,1,0,forests,0.0,9813
423,Germany/images/DE069L1_ROSENHEIM/47.834171_12.283538.jpg,1,0,forests,0.0,9306
424,Italy/images/IT054L1_MATERA/40.549101_16.662537.jpg,2,0,other_roads_and_associated_land,0.0,15570
425,Germany/images/DE048L1_WILHELMSHAVEN/53.383658_7.976979.jpg,1,0,forests,0.0,9773
426,Germany/images/DE052L1_FLENSBURG/54.791146_9.454845.jpg,3,1,urban_fabric,1503.08879615,18266
427,France/images/FR043L2_PERPIGNAN/42.656498_2.672599.jpg,3,1,urban_fabric,3882.01063211,14056
428,Poland/images/PL033L1_LUBIN/51.322586_16.204928.jpg,1,0,forests,0.0,13101
429,France/images/FR065L2_BOURGES/47.280855_2.127638.jpg,1,0,forests,0.0,12197
430,France/images/FR056L2_ANGOULEME/45.843666_0.403862.jpg,1,0,forests,0.0,13343
431,Poland/images/PL040L1_PRZEMYSL/49.882521_23.001836.jpg,4,0,water,0.0,5299
432,Spain/images/ES533L1_MARBELLA/36.572468_-4.852411.jpg,1,0,forests,0.0,11419
433,France/images/FR208L1_HENIN_CARVIN/50.426412_3.038070.jpg,1,0,forests,0.0,7898
434,UK/images/UK551L0_FALKIRK/56.029772_-3.917257.jpg,3,1,urban_fabric,6517.68835252,10718
435,Poland/images/PL512L2_ELBLAG/54.266107_19.613215.jpg,1,0,forests,0.0,13352
436,Germany/images/DE048L1_WILHELMSHAVEN/53.518347_7.876907.jpg,1,0,forests,0.0,6707
437,Germany/images/DE028L1_REGENSBURG/48.815968_11.862199.jpg,2,1,other_roads_and_associated_land,1963.72620292,15002
438,Germany/images/DE027L1_FREIBURG_IM_BREISGAU/47.784787_7.682435.jpg,1,0,forests,0.0,11592
439,Poland/images/PL506L2_BIELSKO_BIALA/49.884657_18.993798.jpg,3,1,urban_fabric,942.246103795,10721
440,France/images/FR059L2_CHALON_SUR_SAONE/46.904366_4.878667.jpg,1,0,forests,0.0,10869
441,France/images/FR073L2_TARBES/43.244176_0.072362.jpg,3,1,urban_fabric,5563.53061483,13884
442,Germany/images/DE036L0_MONCHENGLADBACH/51.166253_6.462718.jpg,1,1,forests,124.40755208200001,10641
443,Germany/images/DE008L2_LEIPZIG/51.414193_12.982213.jpg,1,0,forests,0.0,11502
444,Germany/images/DE071L1_STRALSUND/54.395626_13.384413.jpg,1,0,forests,0.0,13325
445,France/images/FR059L2_CHALON_SUR_SAONE/46.770494_4.896429.jpg,3,1,urban_fabric,2065.72559765,15190
446,France/images/FR074L2_COMPIEGNE/49.369569_2.814035.jpg,1,0,forests,0.0,11108
447,UK/images/UK539L1_BOURNEMOUTH/50.750225_-1.720009.jpg,3,1,urban_fabric,2650.77004273,14551
448,Poland/images/PL514L2_TARNOW/49.893608_20.974784.jpg,1,0,forests,0.0,8712
449,Germany/images/DE054L1_KONSTANZ/47.704415_8.972641.jpg,1,0,forests,0.0,13019
450,Germany/images/DE040L1_SAARBRUCKEN/49.217089_6.800049.jpg,3,1,urban_fabric,90.12782785379999,11285
451,France/images/FR051L2_TROYES/48.291241_4.069225.jpg,2,0,other_roads_and_associated_land,0.0,15545
452,Poland/images/PL051L1_TCZEW/54.072294_18.626110.jpg,1,0,forests,0.0,12278
453,Poland/images/PL033L1_LUBIN/51.425197_15.991271.jpg,1,0,forests,0.0,11121
454,UK/images/UK517L1_SWANSEA/51.578925_-3.759207.jpg,3,1,urban_fabric,6317.31809104,16194
455,Germany/images/DE527L1_BREMERHAVEN/53.509791_8.604669.jpg,2,1,other_roads_and_associated_land,4568.36959997,17543
456,Germany/images/DE054L1_KONSTANZ/47.772450_9.053557.jpg,1,0,forests,0.0,11752
457,Germany/images/DE008L2_LEIPZIG/51.362667_12.645349.jpg,3,1,urban_fabric,734.473639997,15158
458,France/images/FR051L2_TROYES/48.301707_4.111293.jpg,3,1,urban_fabric,2126.52958284,13402
459,Poland/images/PL514L2_TARNOW/50.080917_20.932306.jpg,3,1,urban_fabric,1303.10502277,8223
460,Poland/images/PL029L1_SLUPSK/54.401545_17.163122.jpg,1,0,forests,0.0,8107
461,France/images/FR065L2_BOURGES/47.005939_2.181625.jpg,1,0,forests,0.0,12759
462,France/images/FR059L2_CHALON_SUR_SAONE/46.637663_4.666023.jpg,1,0,forests,0.0,12635
463,Poland/images/PL045L1_STALOWA_WOLA/50.483140_22.027478.jpg,1,0,forests,0.0,11512
464,Germany/images/DE063L1_PLAUEN/50.517302_12.278385.jpg,1,0,forests,0.0,11537
465,France/images/FR324L1_MARTIGUES/43.390062_5.039408.jpg,1,0,forests,0.0,8992
466,Poland/images/PL029L1_SLUPSK/54.366264_17.247839.jpg,1,0,forests,0.0,12811
467,Poland/images/PL049L1_SWIDNICA/50.797503_16.443650.jpg,1,0,forests,0.0,11435
468,France/images/FR045L2_PAU/43.261676_-0.519003.jpg,1,0,forests,0.0,8933
469,Germany/images/DE527L1_BREMERHAVEN/53.778667_8.629808.jpg,4,1,water,757.435486987,7280
470,France/images/FR048L2_ANNECY/45.794419_6.141091.jpg,1,0,forests,0.0,9581
471,France/images/FR051L2_TROYES/48.253620_4.258576.jpg,3,1,urban_fabric,1127.27697704,11806
472,France/images/FR077L2_ROANNE/46.070644_3.815999.jpg,1,0,forests,0.0,10166
473,Germany/images/DE034L1_BONN/50.845313_7.215798.jpg,3,1,urban_fabric,3963.27043508,13270
474,France/images/FR056L2_ANGOULEME/45.488136_0.385221.jpg,1,0,forests,0.0,11529
475,Germany/images/DE522L1_HEIDELBERG/49.386520_8.905779.jpg,1,0,forests,0.0,11583
476,France/images/FR324L1_MARTIGUES/43.463782_5.048071.jpg,1,0,forests,0.0,10944
477,France/images/FR505L1_CHARLEVILLE_MEZIERES/49.866609_4.527098.jpg,1,0,forests,0.0,9789
478,Germany/images/DE055L0_NEUMUNSTER/54.090422_10.000288.jpg,3,1,urban_fabric,3303.38438418,13189
479,Netherlands/images/NL515L2_VENLO/51.485051_6.214597.jpg,1,0,forests,0.0,8425
480,France/images/FR051L2_TROYES/48.479031_4.226659.jpg,1,0,forests,0.0,14397
481,France/images/FR093L2_BRIVE_LA_GAILLARDE/45.155144_1.523263.jpg,2,0,other_roads_and_associated_land,0.0,16551
482,Germany/images/DE034L1_BONN/50.639130_7.073359.jpg,1,0,forests,0.0,9298
483,Poland/images/PL514L2_TARNOW/49.986546_20.903987.jpg,3,1,urban_fabric,1834.61722955,9320
484,Poland/images/PL033L1_LUBIN/51.438813_15.871168.jpg,1,0,forests,0.0,13380
485,France/images/FR052L2_SAINT_NAZAIRE/47.275347_-2.224640.jpg,2,0,other_roads_and_associated_land,0.0,17285
486,France/images/FR058L2_CHAMBERY/45.726466_5.812963.jpg,1,0,forests,0.0,12675
487,Germany/images/DE011L1_DUSSELDORF/51.286925_6.836749.jpg,3,1,urban_fabric,820.441283657,14662
488,Germany/images/DE060L1_CELLE/52.868364_9.991481.jpg,1,0,forests,0.0,12629
489,Germany/images/DE542L1_HILDESHEIM/52.142910_9.773776.jpg,3,1,urban_fabric,2626.46209127,13103
490,Netherlands/images/NL505L1_MAASTRICHT/50.844540_5.769413.jpg,1,0,forests,0.0,7525
491,Poland/images/PL037L1_GNIEZNO/52.644404_17.523313.jpg,1,0,forests,0.0,13147
492,Belgium/images/BE008L1_LEUVEN/50.847112_4.816563.jpg,1,0,forests,0.0,11466
493,Germany/images/DE029L0_FRANKFURT_ODER/52.284324_14.481248.jpg,1,0,forests,0.0,12362
494,Germany/images/DE054L1_KONSTANZ/47.751414_8.807954.jpg,1,0,forests,0.0,11258
495,Poland/images/PL045L1_STALOWA_WOLA/50.632208_21.932520.jpg,1,0,forests,0.0,12411
496,UK/images/UK539L1_BOURNEMOUTH/50.822475_-1.906897.jpg,1,0,forests,0.0,11011
497,UK/images/UK056L1_HASTINGS/51.000543_0.479277.jpg,1,0,forests,0.0,9043
498,Poland/images/PL046L1_TOMASZOW_MAZOWIECKI/51.526268_19.983157.jpg,1,0,forests,0.0,17882
499,Germany/images/DE081L1_PASSAU/48.454893_13.192681.jpg,2,1,other_roads_and_associated_land,1631.808399,12291
500,Germany/images/DE045L1_ISERLOHN/51.180327_7.502259.jpg,3,1,urban_fabric,4144.15746195,10664
501,Poland/images/PL033L1_LUBIN/51.328744_16.223960.jpg,1,0,forests,0.0,12364
502,Poland/images/PL029L1_SLUPSK/54.525268_17.495501.jpg,1,0,forests,0.0,10029
503,Poland/images/PL042L1_CHELM/51.192204_23.322705.jpg,1,0,forests,0.0,11033
504,Germany/images/DE522L1_HEIDELBERG/49.265767_8.718859.jpg,1,0,forests,0.0,15996
505,Germany/images/DE048L1_WILHELMSHAVEN/53.519754_7.883911.jpg,1,0,forests,0.0,6559
506,Germany/images/DE029L0_FRANKFURT_ODER/52.276156_14.584249.jpg,1,0,forests,0.0,8958
507,Poland/images/PL045L1_STALOWA_WOLA/50.523121_21.791570.jpg,1,0,forests,0.0,11013
508,France/images/FR044L2_NIMES/43.859366_4.366351.jpg,3,1,urban_fabric,1041.58145544,13670
509,Germany/images/DE062L1_BAMBERG/49.893904_10.688316.jpg,1,0,forests,0.0,11949
510,Germany/images/DE061L1_ASCHAFFENBURG/49.657987_9.318598.jpg,1,0,forests,0.0,11783
511,Germany/images/DE537L1_REUTLINGEN/48.321726_9.524493.jpg,1,0,forests,0.0,8451
512,France/images/FR084L2_CREIL/49.346754_2.486654.jpg,1,0,forests,0.0,9551
513,Poland/images/PL514L2_TARNOW/50.097510_20.776128.jpg,1,0,forests,0.0,11895
514,Germany/images/DE516L0_SOLINGEN/51.154436_7.030253.jpg,3,1,urban_fabric,3597.59323842,13937
515,Poland/images/PL506L2_BIELSKO_BIALA/49.809814_19.039966.jpg,3,1,urban_fabric,6287.13858745,11470
516,France/images/FR084L2_CREIL/49.289504_2.519651.jpg,4,0,water,0.0,5208
517,France/images/FR043L2_PERPIGNAN/42.771984_2.836899.jpg,3,1,urban_fabric,3078.0930298,15696
518,Germany/images/DE040L1_SAARBRUCKEN/49.330015_6.987843.jpg,3,1,urban_fabric,126.120935295,13841
519,Germany/images/DE065L1_FULDA/50.766976_9.804554.jpg,3,1,urban_fabric,1479.66612435,13013
520,Germany/images/DE083L1_BRAUNSCHWEIG_SALZGITTER_WOLFSBURG/52.418550_10.714944.jpg,3,1,urban_fabric,3899.94074818,14579
521,Poland/images/PL044L1_GLOGOW/51.607289_15.839126.jpg,1,0,forests,0.0,13660
522,Germany/images/DE504L1_MUNSTER/51.900878_7.272559.jpg,3,1,urban_fabric,3340.59138358,13239
523,Spain/images/ES533L1_MARBELLA/36.534363_-4.971886.jpg,1,0,forests,0.0,8374
524,France/images/FR064L2_ARRAS/50.311948_2.674328.jpg,1,0,forests,0.0,10525
525,Germany/images/DE520L1_OLDENBURG_OLDENBURG/52.967867_8.337576.jpg,1,0,forests,0.0,9394
526,Germany/images/DE036L0_MONCHENGLADBACH/51.136594_6.446315.jpg,2,1,other_roads_and_associated_land,7220.81981349,11713
527,Germany/images/DE504L1_MUNSTER/51.973690_7.489461.jpg,1,0,forests,0.0,10623
528,Germany/images/DE071L1_STRALSUND/54.231641_12.797880.jpg,1,0,forests,0.0,13080
529,Germany/images/DE031L1_SCHWERIN/53.633385_11.475828.jpg,4,0,water,0.0,9333
530,France/images/FR076L2_BELFORT/47.726441_6.925229.jpg,1,0,forests,0.0,12402
531,France/images/FR068L2_VANNES/47.632920_-2.666799.jpg,2,0,other_roads_and_associated_land,0.0,11400
532,Germany/images/DE028L1_REGENSBURG/48.835534_11.976227.jpg,1,0,forests,0.0,11715
533,Germany/images/DE083L1_BRAUNSCHWEIG_SALZGITTER_WOLFSBURG/52.271620_10.443415.jpg,3,1,urban_fabric,1649.02036131,10626
534,France/images/FR093L2_BRIVE_LA_GAILLARDE/45.208552_1.693596.jpg,3,1,urban_fabric,1698.82177736,9898
535,France/images/FR093L2_BRIVE_LA_GAILLARDE/45.043064_1.473992.jpg,0,0,airports,0.0,10284
536,Germany/images/DE069L1_ROSENHEIM/48.059436_12.224671.jpg,4,1,water,283.503710254,6559
537,Poland/images/PL049L1_SWIDNICA/50.875523_16.648459.jpg,1,0,forests,0.0,11879
538,Germany/images/DE061L1_ASCHAFFENBURG/49.838304_9.138178.jpg,3,1,urban_fabric,2643.73721815,14759
539,Germany/images/DE011L1_DUSSELDORF/51.290742_6.771224.jpg,0,0,airports,0.0,6426
540,Poland/images/PL033L1_LUBIN/51.427162_16.166014.jpg,1,0,forests,0.0,12351
541,Poland/images/PL031L1_SIEDLCE/52.203149_22.425862.jpg,1,0,forests,0.0,10944
542,Poland/images/PL044L1_GLOGOW/51.567477_16.230488.jpg,1,0,forests,0.0,12413
543,Poland/images/PL033L1_LUBIN/51.414581_15.834460.jpg,1,0,forests,0.0,12674
544,Poland/images/PL042L1_CHELM/51.064163_23.602793.jpg,1,0,forests,0.0,10926
545,Germany/images/DE040L1_SAARBRUCKEN/49.277613_7.274784.jpg,1,0,forests,0.0,12814
546,Poland/images/PL512L2_ELBLAG/54.284746_19.448354.jpg,1,0,forests,0.0,10606
547,Germany/images/DE034L1_BONN/50.802211_7.482981.jpg,1,0,forests,0.0,9196
548,Germany/images/DE036L0_MONCHENGLADBACH/51.221520_6.466208.jpg,2,1,other_roads_and_associated_land,6001.70881503,12671
549,Germany/images/DE069L1_ROSENHEIM/48.012425_12.267355.jpg,1,0,forests,0.0,10442
550,Germany/images/DE522L1_HEIDELBERG/49.438932_8.738668.jpg,1,0,forests,0.0,16789
551,France/images/FR043L2_PERPIGNAN/42.576203_2.593089.jpg,1,0,forests,0.0,10387
552,Poland/images/PL517L2_GRUDZIADZ/53.504036_18.817747.jpg,3,1,urban_fabric,1514.90085461,11988
553,Poland/images/PL051L1_TCZEW/54.057998_18.643131.jpg,1,0,forests,0.0,11418
554,France/images/FR050L2_MONTBELLIARD/47.364391_6.527249.jpg,1,0,forests,0.0,9070
555,Germany/images/DE063L1_PLAUEN/50.319529_12.312949.jpg,1,0,forests,0.0,10127
556,France/images/FR048L2_ANNECY/45.849253_6.095816.jpg,1,0,forests,0.0,8821
557,Germany/images/DE069L1_ROSENHEIM/47.854698_12.363161.jpg,1,0,forests,0.0,9467
558,Germany/images/DE524L2_WURZBURG/50.029640_9.815985.jpg,1,0,forests,0.0,12553
559,France/images/FR043L2_PERPIGNAN/42.697612_2.884787.jpg,2,0,other_roads_and_associated_land,0.0,17663
560,Germany/images/DE060L1_CELLE/52.769749_10.298238.jpg,1,0,forests,0.0,11073
561,Germany/images/DE523L1_PADERBORN/51.689633_8.967001.jpg,1,0,forests,0.0,9466
562,Spain/images/ES522L1_CADIZ/36.538025_-5.999081.jpg,1,0,forests,0.0,10044
563,Germany/images/DE061L1_ASCHAFFENBURG/50.083984_9.002520.jpg,4,0,water,0.0,6273
564,Poland/images/PL516L2_LEGNICA/51.202017_16.097284.jpg,1,0,forests,0.0,10813
565,France/images/FR076L2_BELFORT/47.700656_6.617386.jpg,1,0,forests,0.0,11366
566,Italy/images/IT034L1_BOLZANO/46.532838_11.295940.jpg,1,0,forests,0.0,10303
567,Germany/images/DE065L1_FULDA/50.498130_9.623983.jpg,1,0,forests,0.0,16259
568,Spain/images/ES533L1_MARBELLA/36.572531_-4.895127.jpg,1,0,forests,0.0,9992
569,Poland/images/PL031L1_SIEDLCE/52.084981_22.213342.jpg,1,0,forests,0.0,10586
570,Poland/images/PL517L2_GRUDZIADZ/53.510344_18.609963.jpg,1,0,forests,0.0,12501
571,Germany/images/DE053L1_MARBURG/50.801047_8.670307.jpg,1,0,forests,0.0,14367
572,Poland/images/PL514L2_TARNOW/50.165700_20.988313.jpg,1,0,forests,0.0,10057
573,France/images/FR104L2_CHALONS_EN_CHAMPAGNE/49.029835_4.449032.jpg,1,0,forests,0.0,7511
574,Poland/images/PL517L2_GRUDZIADZ/53.520095_18.666368.jpg,1,0,forests,0.0,9782
575,Poland/images/PL517L2_GRUDZIADZ/53.473641_18.602965.jpg,1,0,forests,0.0,9835
576,Germany/images/DE008L2_LEIPZIG/51.458135_13.029432.jpg,1,0,forests,0.0,12367
577,Poland/images/PL032L1_PIOTRKOW_TRYBUNALSKI/51.323799_19.979015.jpg,1,0,forests,0.0,11565
578,Poland/images/PL032L1_PIOTRKOW_TRYBUNALSKI/51.272352_19.919178.jpg,1,0,forests,0.0,11672
579,Germany/images/DE021L1_GOTTINGEN/51.527292_9.954203.jpg,2,1,other_roads_and_associated_land,1578.34269015,14170
580,Germany/images/DE539L1_COTTBUS/51.868758_14.296177.jpg,1,0,forests,0.0,12510
581,Germany/images/DE053L1_MARBURG/50.811485_9.097527.jpg,1,0,forests,0.0,9586
582,Poland/images/PL031L1_SIEDLCE/52.085738_22.071351.jpg,1,0,forests,0.0,11287
583,Germany/images/DE028L1_REGENSBURG/49.089950_12.319110.jpg,1,0,forests,0.0,11457
584,UK/images/UK551L0_FALKIRK/55.914571_-3.845443.jpg,1,0,forests,0.0,12270
585,Germany/images/DE527L1_BREMERHAVEN/53.747889_9.072311.jpg,1,0,forests,0.0,10324
586,Germany/images/DE044L1_KAISERSLAUTERN/49.434905_7.793940.jpg,1,0,forests,0.0,12269
587,Spain/images/ES533L1_MARBELLA/36.490243_-4.993445.jpg,2,0,other_roads_and_associated_land,0.0,16589
588,France/images/FR057L2_BOULOGNE_SUR_MER/50.669860_1.828709.jpg,3,1,urban_fabric,3093.7070882,15562
589,Germany/images/DE050L1_TUBINGEN/48.527872_9.084511.jpg,3,1,urban_fabric,7800.48542786,13940
590,Germany/images/DE073L1_OFFENBURG/48.547702_8.020662.jpg,3,1,urban_fabric,3133.83806122,14561
591,Germany/images/DE050L1_TUBINGEN/48.595831_9.098155.jpg,1,0,forests,0.0,12251
592,Germany/images/DE060L1_CELLE/52.884805_10.154937.jpg,1,0,forests,0.0,11701
593,Poland/images/PL029L1_SLUPSK/54.198063_17.081336.jpg,4,0,water,0.0,6252
594,Italy/images/IT047L1_MASSA/44.049598_10.165677.jpg,1,0,forests,0.0,10368
595,Germany/images/DE048L1_WILHELMSHAVEN/53.511175_8.053035.jpg,3,1,urban_fabric,1468.21890285,13816
596,France/images/FR506L1_COLMAR/48.215449_7.263758.jpg,1,0,forests,0.0,15445
597,France/images/FR037L2_BREST/48.451690_-4.397871.jpg,0,0,airports,0.0,8433
598,France/images/FR051L2_TROYES/48.118425_3.865470.jpg,1,0,forests,0.0,11249
599,Poland/images/PL514L2_TARNOW/50.020560_21.026257.jpg,3,1,urban_fabric,2253.38765711,10954
600,Poland/images/PL052L1_ELK/53.811375_22.362119.jpg,3,1,urban_fabric,27375.3590329,13228
601,Germany/images/DE539L1_COTTBUS/51.657104_14.395690.jpg,4,0,water,0.0,9190
602,Germany/images/DE048L1_WILHELMSHAVEN/53.554459_7.959322.jpg,1,0,forests,0.0,13527
603,Poland/images/PL512L2_ELBLAG/54.289299_19.472397.jpg,1,0,forests,0.0,11832
604,Netherlands/images/NL515L2_VENLO/51.452129_6.065043.jpg,2,0,other_roads_and_associated_land,0.0,12959
605,Germany/images/DE066L1_KEMPTEN_ALLGAU/47.579430_10.407348.jpg,1,0,forests,0.0,8636
606,Germany/images/DE547L2_JENA/50.778263_11.619358.jpg,1,0,forests,0.0,11988
607,Belgium/images/BE009L1_MONS/50.498383_3.757725.jpg,3,1,urban_fabric,1757.78284246,12064
608,France/images/FR036L2_ANGERS/47.403582_-0.567194.jpg,1,0,forests,0.0,11280
609,Poland/images/PL037L1_GNIEZNO/52.645702_17.561587.jpg,1,0,forests,0.0,12490
610,France/images/FR086L2_EVREUX/48.912562_0.880430.jpg,1,0,forests,0.0,10251
611,Germany/images/DE082L0_DESSAU_ROSSLAU/51.841552_12.142915.jpg,1,0,forests,0.0,10915
612,Belgium/images/BE008L1_LEUVEN/50.980045_4.754401.jpg,1,0,forests,0.0,10667
613,Germany/images/DE034L1_BONN/50.665163_7.086470.jpg,1,0,forests,0.0,8636
614,France/images/FR093L2_BRIVE_LA_GAILLARDE/45.146557_1.421889.jpg,1,0,forests,0.0,12257
615,Germany/images/DE042L1_KOBLENZ/50.330932_7.656425.jpg,1,0,forests,0.0,12496
616,Poland/images/PL031L1_SIEDLCE/52.264160_22.395942.jpg,1,0,forests,0.0,10647
617,Germany/images/DE037L1_MAINZ/49.840938_8.230079.jpg,3,1,urban_fabric,799.3381832,14732
618,France/images/FR099L2_FREJUS/43.431996_6.891106.jpg,3,1,urban_fabric,576.157142122,15392
619,France/images/FR062L2_CALAIS/50.806869_1.979976.jpg,1,0,forests,0.0,13223
620,France/images/FR034L2_VALENCIENNES/50.419912_3.463720.jpg,1,0,forests,0.0,9793
621,Germany/images/DE060L1_CELLE/52.647225_10.134561.jpg,3,1,urban_fabric,2675.90227784,13608
622,Poland/images/PL032L1_PIOTRKOW_TRYBUNALSKI/51.362128_19.555317.jpg,1,0,forests,0.0,11271
623,Poland/images/PL042L1_CHELM/51.239858_23.621275.jpg,1,0,forests,0.0,9044
624,Italy/images/IT504L2_LIVORNO/43.575019_10.506293.jpg,1,0,forests,0.0,10999
625,Germany/images/DE542L1_HILDESHEIM/51.976073_9.863124.jpg,3,1,urban_fabric,1945.01943491,13824
626,Germany/images/DE045L1_ISERLOHN/51.259053_7.616442.jpg,3,1,urban_fabric,5141.50622913,13358
627,Germany/images/DE034L1_BONN/50.746880_7.057679.jpg,3,1,urban_fabric,5568.75842442,15382
628,Poland/images/PL512L2_ELBLAG/54.177121_19.442934.jpg,1,0,forests,0.0,11543
629,Germany/images/DE542L1_HILDESHEIM/52.069704_9.936271.jpg,1,0,forests,0.0,9756
630,Netherlands/images/NL515L2_VENLO/51.402548_5.999778.jpg,1,0,forests,0.0,10408
631,Germany/images/DE054L1_KONSTANZ/47.661466_8.923892.jpg,3,1,urban_fabric,1199.76300862,14166
632,Poland/images/PL029L1_SLUPSK/54.314100_17.261759.jpg,1,0,forests,0.0,13558
633,Poland/images/PL052L1_ELK/53.949523_22.288385.jpg,1,0,forests,0.0,12207
634,Germany/images/DE507L1_AACHEN/50.670959_6.222478.jpg,1,0,forests,0.0,10414
635,Belgium/images/BE009L1_MONS/50.467639_4.002187.jpg,1,0,forests,0.0,12397
636,Netherlands/images/NL519L2_ALMELO/52.422945_6.847145.jpg,1,0,forests,0.0,8130
637,France/images/FR067L2_QUIMPER/47.990808_-4.371380.jpg,1,0,forests,0.0,11423
638,Germany/images/DE040L1_SAARBRUCKEN/49.317827_6.752983.jpg,2,1,other_roads_and_associated_land,169.391599125,14796
639,Poland/images/PL033L1_LUBIN/51.299015_16.312740.jpg,1,0,forests,0.0,10765
640,Netherlands/images/NL515L2_VENLO/51.436292_6.184923.jpg,1,0,forests,0.0,9188
641,France/images/FR043L2_PERPIGNAN/42.758976_2.472045.jpg,1,0,forests,0.0,10398
642,France/images/FR059L2_CHALON_SUR_SAONE/46.623314_4.931298.jpg,1,0,forests,0.0,10907
643,Italy/images/IT054L1_MATERA/40.427384_16.639107.jpg,1,0,forests,0.0,9863
644,Germany/images/DE529L1_HEILBRONN/49.075681_9.161625.jpg,3,1,urban_fabric,6647.48405483,14039
645,France/images/FR074L2_COMPIEGNE/49.416815_3.038900.jpg,1,0,forests,0.0,8501
646,Poland/images/PL046L1_TOMASZOW_MAZOWIECKI/51.466834_19.955536.jpg,1,0,forests,0.0,18022
647,Poland/images/PL514L2_TARNOW/49.850267_20.965163.jpg,1,0,forests,0.0,11559
648,Italy/images/IT034L1_BOLZANO/46.596688_11.330840.jpg,1,0,forests,0.0,11971
649,Germany/images/DE532L1_ULM/48.288563_9.995729.jpg,1,0,forests,0.0,11607
650,Germany/images/DE522L1_HEIDELBERG/49.473759_8.620143.jpg,3,1,urban_fabric,6989.17217196,15073
651,France/images/FR065L2_BOURGES/47.251352_2.127821.jpg,1,0,forests,0.0,13266
652,Germany/images/DE061L1_ASCHAFFENBURG/50.017188_9.410984.jpg,1,0,forests,0.0,8532
653,Germany/images/DE054L1_KONSTANZ/47.789109_8.904488.jpg,1,0,forests,0.0,12042
654,France/images/FR060L2_CHARTRES/48.390366_1.133502.jpg,1,0,forests,0.0,11875
655,France/images/FR034L2_VALENCIENNES/50.438775_3.451480.jpg,3,1,urban_fabric,2282.69856493,10427
656,Poland/images/PL052L1_ELK/53.931550_22.386833.jpg,4,0,water,0.0,5881
657,France/images/FR209L2_DOUAI/50.282393_3.045824.jpg,1,0,forests,0.0,7742
658,Poland/images/PL045L1_STALOWA_WOLA/50.528899_21.768112.jpg,1,0,forests,0.0,10667
659,Poland/images/PL512L2_ELBLAG/54.185998_19.394986.jpg,3,1,urban_fabric,19583.7131328,9806
660,France/images/FR076L2_BELFORT/47.669552_6.596378.jpg,1,0,forests,0.0,9058
661,Germany/images/DE056L0_BRANDENBURG_AN_DER_HAVEL/52.463835_12.571688.jpg,4,0,water,0.0,9035
662,Poland/images/PL036L1_OSTROWIEC_SWIETOKRZYSKI/50.951861_21.200915.jpg,1,0,forests,0.0,11734
663,Germany/images/DE508L0_KREFELD/51.331398_6.569999.jpg,2,1,other_roads_and_associated_land,11483.326723799999,13416
664,Germany/images/DE071L1_STRALSUND/54.238273_12.881756.jpg,1,0,forests,0.0,11218
665,Poland/images/PL031L1_SIEDLCE/52.155369_22.221995.jpg,1,0,forests,0.0,13466
666,Poland/images/PL041L1_ZAMOSC/50.778139_23.494217.jpg,1,0,forests,0.0,10229
667,Poland/images/PL044L1_GLOGOW/51.721140_16.088267.jpg,1,0,forests,0.0,8286
668,Germany/images/DE071L1_STRALSUND/54.185726_12.701658.jpg,1,0,forests,0.0,11693
669,France/images/FR036L2_ANGERS/47.460658_-0.669830.jpg,2,0,other_roads_and_associated_land,0.0,15766
670,France/images/FR093L2_BRIVE_LA_GAILLARDE/45.171053_1.554374.jpg,3,1,urban_fabric,2609.31361121,15452
671,France/images/FR077L2_ROANNE/46.055728_4.003619.jpg,0,0,airports,0.0,6645
672,UK/images/UK056L1_HASTINGS/50.943016_0.379360.jpg,1,0,forests,0.0,12407
673,France/images/FR048L2_ANNECY/45.959153_5.978385.jpg,1,0,forests,0.0,9757
674,Germany/images/DE048L1_WILHELMSHAVEN/53.535126_7.896275.jpg,0,0,airports,0.0,6623
675,UK/images/UK551L0_FALKIRK/55.965206_-3.883666.jpg,1,0,forests,0.0,11501
676,UK/images/UK539L1_BOURNEMOUTH/50.724875_-2.248563.jpg,1,0,forests,0.0,11141
677,Germany/images/DE533L1_PFORZHEIM/48.874400_8.736037.jpg,1,0,forests,0.0,12058
678,Germany/images/DE008L2_LEIPZIG/51.461364_13.055292.jpg,1,0,forests,0.0,11853
679,Poland/images/PL031L1_SIEDLCE/52.080383_22.040603.jpg,4,0,water,0.0,7933
680,Germany/images/DE073L1_OFFENBURG/48.632098_8.087551.jpg,3,1,urban_fabric,3602.22132566,13760
681,Germany/images/DE048L1_WILHELMSHAVEN/53.389604_7.981716.jpg,1,0,forests,0.0,11144
682,Poland/images/PL512L2_ELBLAG/54.194589_19.476040.jpg,1,0,forests,0.0,10908
683,France/images/FR058L2_CHAMBERY/45.699214_5.857767.jpg,1,0,forests,0.0,10133
684,France/images/FR074L2_COMPIEGNE/49.456150_2.842697.jpg,1,0,forests,0.0,10808
685,France/images/FR034L2_VALENCIENNES/50.445276_3.582654.jpg,1,0,forests,0.0,7442
686,Poland/images/PL032L1_PIOTRKOW_TRYBUNALSKI/51.215706_19.991009.jpg,1,0,forests,0.0,11403
687,UK/images/UK539L1_BOURNEMOUTH/50.801447_-1.932365.jpg,1,0,forests,0.0,11350
688,France/images/FR045L2_PAU/43.251180_-0.554989.jpg,1,0,forests,0.0,9474
689,Germany/images/DE510L1_LUBECK/53.963890_10.711294.jpg,3,1,urban_fabric,4061.52332545,16156
690,Italy/images/IT042L1_TREVISO/45.648998_12.166527.jpg,3,1,urban_fabric,3283.43269753,10736
691,Germany/images/DE508L0_KREFELD/51.342204_6.620288.jpg,2,1,other_roads_and_associated_land,3066.38535655,11931
692,Germany/images/DE072L1_FRIEDRICHSHAFEN/47.705170_9.422834.jpg,1,0,forests,0.0,11022
693,France/images/FR074L2_COMPIEGNE/49.346046_2.935493.jpg,1,0,forests,0.0,11608
694,Germany/images/DE026L1_TRIER/49.763963_6.748411.jpg,1,0,forests,0.0,8978
695,Germany/images/DE072L1_FRIEDRICHSHAFEN/47.699657_9.362998.jpg,1,0,forests,0.0,10969
696,Germany/images/DE048L1_WILHELMSHAVEN/53.407715_7.917579.jpg,1,0,forests,0.0,7021
697,Poland/images/PL045L1_STALOWA_WOLA/50.509861_22.521484.jpg,1,0,forests,0.0,11607
698,Germany/images/DE084L1_MANNHEIM_LUDWIGSHAFEN/49.453780_8.384651.jpg,3,1,urban_fabric,3756.36503882,15874
699,UK/images/UK056L1_HASTINGS/51.004717_0.344956.jpg,1,0,forests,0.0,8716
700,France/images/FR038L2_LE_MANS/47.983009_0.221963.jpg,2,0,other_roads_and_associated_land,0.0,17434
701,France/images/FR044L2_NIMES/43.831379_4.436402.jpg,3,1,urban_fabric,2467.9070077,14088
702,Poland/images/PL045L1_STALOWA_WOLA/50.512285_22.201777.jpg,1,0,forests,0.0,10149
703,Germany/images/DE033L2_AUGSBURG/48.594404_11.035600.jpg,1,0,forests,0.0,13493
704,UK/images/UK050L1_BURNLEY/53.822912_-2.212024.jpg,3,1,urban_fabric,3935.36988833,12283
705,Germany/images/DE073L1_OFFENBURG/48.344622_7.838715.jpg,2,1,other_roads_and_associated_land,961.3288037560001,13623
706,Belgium/images/BE009L1_MONS/50.552905_3.849272.jpg,1,0,forests,0.0,10318
707,Germany/images/DE044L1_KAISERSLAUTERN/49.442750_7.616783.jpg,0,0,airports,0.0,7994
708,Poland/images/PL037L1_GNIEZNO/52.640543_17.589456.jpg,1,0,forests,0.0,13173
709,Germany/images/DE052L1_FLENSBURG/54.502817_9.595794.jpg,3,1,urban_fabric,66.761717782,7510
710,France/images/FR065L2_BOURGES/47.009889_2.189482.jpg,1,0,forests,0.0,14164
711,France/images/FR034L2_VALENCIENNES/50.427871_3.486276.jpg,1,0,forests,0.0,6817
712,UK/images/UK517L1_SWANSEA/51.679168_-3.915191.jpg,2,0,other_roads_and_associated_land,0.0,16011
713,Germany/images/DE045L1_ISERLOHN/51.159333_7.658492.jpg,1,0,forests,0.0,9831
714,France/images/FR090L2_CHATEAUROUX/46.616769_1.371611.jpg,1,0,forests,0.0,11297
715,Poland/images/PL031L1_SIEDLCE/52.262246_22.159971.jpg,1,0,forests,0.0,10540
716,Spain/images/ES525L1_TARRAGONA/41.149974_1.176002.jpg,0,0,airports,0.0,10065
717,France/images/FR060L2_CHARTRES/48.364723_1.100167.jpg,1,0,forests,0.0,12673
718,Poland/images/PL033L1_LUBIN/51.350197_16.362630.jpg,1,0,forests,0.0,12702
719,France/images/FR042L2_DUNKERQUE/50.991252_2.229608.jpg,1,0,forests,0.0,12743
720,France/images/FR065L2_BOURGES/47.013108_2.227013.jpg,1,0,forests,0.0,16113
721,France/images/FR062L2_CALAIS/50.810432_1.816541.jpg,1,0,forests,0.0,10328
722,Poland/images/PL036L1_OSTROWIEC_SWIETOKRZYSKI/50.901196_21.401485.jpg,1,0,forests,0.0,10047
723,Germany/images/DE040L1_SAARBRUCKEN/49.162425_7.159729.jpg,3,1,urban_fabric,61.132721654899996,12830
724,Germany/images/DE059L1_BAYREUTH/50.090285_11.776172.jpg,1,0,forests,0.0,11031
725,France/images/FR037L2_BREST/48.444685_-4.284236.jpg,1,0,forests,0.0,10695
726,Germany/images/DE522L1_HEIDELBERG/49.472083_8.764535.jpg,1,0,forests,0.0,10228
727,Poland/images/PL029L1_SLUPSK/54.573594_17.563239.jpg,1,0,forests,0.0,10747
728,Poland/images/PL514L2_TARNOW/50.001316_20.919660.jpg,3,1,urban_fabric,1557.99887137,8757
729,Poland/images/PL517L2_GRUDZIADZ/53.464978_18.636890.jpg,1,0,forests,0.0,11810
730,Germany/images/DE040L1_SAARBRUCKEN/49.289642_6.731211.jpg,3,1,urban_fabric,1122.06124445,14054
731,Poland/images/PL040L1_PRZEMYSL/49.837886_22.661171.jpg,1,0,forests,0.0,10525
732,Poland/images/PL514L2_TARNOW/50.112905_20.768255.jpg,1,0,forests,0.0,12030
733,Belgium/images/BE009L1_MONS/50.422036_3.956258.jpg,3,1,urban_fabric,2252.33028086,12808
734,UK/images/UK539L1_BOURNEMOUTH/50.725598_-2.267741.jpg,1,0,forests,0.0,11998
735,Poland/images/PL047L1_LOMZA/53.208196_22.040604.jpg,1,0,forests,0.0,11040
736,Belgium/images/BE008L1_LEUVEN/50.870538_4.738304.jpg,1,0,forests,0.0,6171
737,Poland/images/PL029L1_SLUPSK/54.500075_17.305209.jpg,1,0,forests,0.0,8394
738,France/images/FR209L2_DOUAI/50.401461_3.091087.jpg,3,1,urban_fabric,2476.33306574,11959
739,Poland/images/PL033L1_LUBIN/51.443527_16.179305.jpg,1,0,forests,0.0,12417
740,Germany/images/DE066L1_KEMPTEN_ALLGAU/47.575192_10.399873.jpg,1,0,forests,0.0,10986
741,France/images/FR057L2_BOULOGNE_SUR_MER/50.687598_1.701339.jpg,1,0,forests,0.0,13148
742,Poland/images/PL036L1_OSTROWIEC_SWIETOKRZYSKI/50.963702_21.258975.jpg,1,0,forests,0.0,10989
743,Poland/images/PL514L2_TARNOW/49.976342_21.067533.jpg,3,1,urban_fabric,1205.21676373,10845
744,UK/images/UK539L1_BOURNEMOUTH/50.673684_-2.084847.jpg,1,0,forests,0.0,6656
745,Netherlands/images/NL515L2_VENLO/51.361243_6.180560.jpg,2,0,other_roads_and_associated_land,0.0,14424
746,Germany/images/DE516L0_SOLINGEN/51.122955_7.139152.jpg,1,0,forests,0.0,9940
747,Poland/images/PL045L1_STALOWA_WOLA/50.615703_21.896734.jpg,1,0,forests,0.0,10791
748,Italy/images/IT515L2_TERNI/42.462783_12.618050.jpg,1,0,forests,0.0,10694
749,Germany/images/DE040L1_SAARBRUCKEN/49.256099_7.191690.jpg,1,0,forests,0.0,12010
750,Germany/images/DE026L1_TRIER/49.780012_6.697393.jpg,4,1,water,22.5601346845,5019
751,France/images/FR048L2_ANNECY/45.747803_6.334495.jpg,1,0,forests,0.0,8918
752,Poland/images/PL031L1_SIEDLCE/52.113000_22.280869.jpg,4,0,water,0.0,10940
753,Belgium/images/BE008L1_LEUVEN/50.874366_4.877027.jpg,1,0,forests,0.0,10198
754,France/images/FR050L2_MONTBELLIARD/47.523759_6.913466.jpg,3,1,urban_fabric,3745.22929839,16456
755,Poland/images/PL041L1_ZAMOSC/50.563976_23.315587.jpg,1,0,forests,0.0,10086
756,Germany/images/DE535L1_GERA/50.709351_12.239486.jpg,1,0,forests,0.0,11312
757,Germany/images/DE062L1_BAMBERG/49.842892_11.204547.jpg,1,0,forests,0.0,10069
758,Poland/images/PL512L2_ELBLAG/54.175673_19.399680.jpg,3,1,urban_fabric,20308.2734902,11801
759,Belgium/images/BE009L1_MONS/50.521214_3.746386.jpg,1,0,forests,0.0,10761
760,Germany/images/DE513L1_KASSEL/51.467472_9.630604.jpg,1,0,forests,0.0,10891
761,France/images/FR051L2_TROYES/48.334860_4.082472.jpg,2,0,other_roads_and_associated_land,0.0,15351
762,Poland/images/PL046L1_TOMASZOW_MAZOWIECKI/51.514520_20.126391.jpg,1,0,forests,0.0,10513
763,France/images/FR052L2_SAINT_NAZAIRE/47.485012_-2.200652.jpg,2,0,other_roads_and_associated_land,0.0,11087
764,Germany/images/DE011L1_DUSSELDORF/51.205430_6.779354.jpg,2,1,other_roads_and_associated_land,1380.00899617,13236
765,Germany/images/DE063L1_PLAUEN/50.244510_12.303873.jpg,1,0,forests,0.0,9360
766,Germany/images/DE033L2_AUGSBURG/48.271729_10.985959.jpg,2,1,other_roads_and_associated_land,1829.12632571,11042
767,Germany/images/DE035L1_KARLSRUHE/49.004155_8.387641.jpg,2,1,other_roads_and_associated_land,10624.0438767,15995
768,Poland/images/PL512L2_ELBLAG/54.192483_19.390230.jpg,3,1,urban_fabric,40.1749562607,9554
769,Germany/images/DE034L1_BONN/50.769734_7.212810.jpg,2,1,other_roads_and_associated_land,676.7949445080001,12602
770,France/images/FR037L2_BREST/48.352812_-4.708434.jpg,3,1,urban_fabric,635.697477395,14046
771,Germany/images/DE547L2_JENA/50.897987_11.858695.jpg,3,1,urban_fabric,6424.37174502,12629
772,Belgium/images/BE008L1_LEUVEN/50.952221_4.732162.jpg,1,0,forests,0.0,9231
773,France/images/FR059L2_CHALON_SUR_SAONE/46.624830_4.832807.jpg,1,0,forests,0.0,11617
774,UK/images/UK539L1_BOURNEMOUTH/50.854325_-1.897034.jpg,1,0,forests,0.0,10158
775,Germany/images/DE011L1_DUSSELDORF/51.212637_6.828595.jpg,3,1,urban_fabric,686.140775245,14195
776,Belgium/images/BE009L1_MONS/50.457756_3.820456.jpg,0,0,airports,0.0,7734
777,Germany/images/DE523L1_PADERBORN/51.783481_8.614464.jpg,3,1,urban_fabric,3480.50883879,13172
778,Germany/images/DE050L1_TUBINGEN/48.476068_8.934223.jpg,3,1,urban_fabric,8429.9912823,16884
779,Poland/images/PL031L1_SIEDLCE/52.124488_22.266014.jpg,1,0,forests,0.0,15046
780,France/images/FR034L2_VALENCIENNES/50.400639_3.421288.jpg,1,0,forests,0.0,8113
781,Poland/images/PL041L1_ZAMOSC/50.792130_23.357078.jpg,1,0,forests,0.0,9788
782,Germany/images/DE069L1_ROSENHEIM/47.727239_12.057415.jpg,1,0,forests,0.0,10214
783,Germany/images/DE510L1_LUBECK/53.968097_10.584768.jpg,1,0,forests,0.0,11742
784,France/images/FR073L2_TARBES/43.272252_0.083508.jpg,4,0,water,0.0,5735
785,Poland/images/PL040L1_PRZEMYSL/49.909618_23.047415.jpg,1,0,forests,0.0,11006
786,France/images/FR049L2_LORIENT/47.781518_-3.102266.jpg,1,0,forests,0.0,10491
787,Germany/images/DE054L1_KONSTANZ/47.834127_9.072607.jpg,1,0,forests,0.0,10140
788,Poland/images/PL029L1_SLUPSK/54.355011_17.387234.jpg,1,0,forests,0.0,14815
789,Germany/images/DE059L1_BAYREUTH/50.159732_11.346207.jpg,1,0,forests,0.0,11400
790,France/images/FR066L2_SAINT_BRIEUC/48.296016_-2.801449.jpg,1,0,forests,0.0,12732
791,Poland/images/PL049L1_SWIDNICA/50.842591_16.498296.jpg,3,1,urban_fabric,7230.35495192,15547
792,Germany/images/DE532L1_ULM/48.381272_9.783212.jpg,1,0,forests,0.0,10734
793,Germany/images/DE008L2_LEIPZIG/51.468230_12.309944.jpg,4,0,water,0.0,5283
794,Germany/images/DE028L1_REGENSBURG/48.747547_11.747174.jpg,1,0,forests,0.0,13078
795,France/images/FR086L2_EVREUX/49.029549_0.797948.jpg,1,0,forests,0.0,9358
796,Germany/images/DE045L1_ISERLOHN/51.315773_7.582682.jpg,1,0,forests,0.0,7642
797,UK/images/UK517L1_SWANSEA/51.591460_-3.790958.jpg,2,0,other_roads_and_associated_land,0.0,12100
798,Germany/images/DE074L1_GORLITZ/51.463105_14.495015.jpg,1,0,forests,0.0,10524
799,Germany/images/DE074L1_GORLITZ/51.394818_14.601233.jpg,1,0,forests,0.0,11092
800,France/images/FR086L2_EVREUX/48.917643_0.809659.jpg,1,0,forests,0.0,12340
801,Netherlands/images/NL519L2_ALMELO/52.404066_6.557018.jpg,1,0,forests,0.0,11165
802,Italy/images/IT054L1_MATERA/40.514779_16.549551.jpg,3,1,urban_fabric,9147.70155434,18284
803,France/images/FR060L2_CHARTRES/48.369390_1.200738.jpg,1,0,forests,0.0,13202
804,Poland/images/PL032L1_PIOTRKOW_TRYBUNALSKI/51.540135_19.676124.jpg,1,0,forests,0.0,10563
805,Germany/images/DE053L1_MARBURG/50.712635_8.597183.jpg,1,0,forests,0.0,11645
806,Germany/images/DE065L1_FULDA/50.478518_9.510816.jpg,1,0,forests,0.0,16332
807,France/images/FR057L2_BOULOGNE_SUR_MER/50.681188_1.619731.jpg,1,0,forests,0.0,12006
808,Germany/images/DE522L1_HEIDELBERG/49.214733_8.827182.jpg,1,0,forests,0.0,11830
809,Poland/images/PL033L1_LUBIN/51.337675_15.982390.jpg,1,0,forests,0.0,12758
810,Poland/images/PL512L2_ELBLAG/54.272454_19.422962.jpg,1,0,forests,0.0,13324
811,Germany/images/DE032L1_ERFURT/50.828738_10.645332.jpg,1,0,forests,0.0,11988
812,France/images/FR062L2_CALAIS/50.806123_1.902888.jpg,1,0,forests,0.0,11172
813,Spain/images/ES519L1_ALBACETE/38.996990_-1.632285.jpg,1,0,forests,0.0,15748
814,Germany/images/DE042L1_KOBLENZ/50.445337_7.574066.jpg,1,1,forests,25.644534265700003,10182
815,Poland/images/PL517L2_GRUDZIADZ/53.489512_18.772854.jpg,3,1,urban_fabric,2394.10710527,13031
816,France/images/FR045L2_PAU/43.252295_-0.473198.jpg,1,0,forests,0.0,10532
817,Poland/images/PL036L1_OSTROWIEC_SWIETOKRZYSKI/50.991703_21.240987.jpg,1,0,forests,0.0,11023
818,Germany/images/DE530L0_REMSCHEID/51.147780_7.141464.jpg,1,0,forests,0.0,9919
819,France/images/FR050L2_MONTBELLIARD/47.534892_6.838073.jpg,3,1,urban_fabric,1719.79036576,16925
820,France/images/FR067L2_QUIMPER/48.032645_-4.471852.jpg,1,0,forests,0.0,10558
821,Poland/images/PL051L1_TCZEW/54.045895_18.641359.jpg,1,0,forests,0.0,10094
822,Germany/images/DE037L1_MAINZ/50.005667_8.179060.jpg,1,0,forests,0.0,15839
823,Poland/images/PL031L1_SIEDLCE/52.177145_22.290590.jpg,3,1,urban_fabric,857.444822412,15571
824,Germany/images/DE535L1_GERA/50.695213_11.875446.jpg,1,0,forests,0.0,11648
825,France/images/FR044L2_NIMES/43.923584_4.279108.jpg,1,0,forests,0.0,10806
826,France/images/FR074L2_COMPIEGNE/49.333096_2.900608.jpg,1,0,forests,0.0,11764
827,Germany/images/DE524L2_WURZBURG/49.745722_9.808619.jpg,1,0,forests,0.0,11537
828,UK/images/UK571L1_CHELTENHAM/51.910684_-2.060861.jpg,3,1,urban_fabric,6399.27937233,19452
829,Germany/images/DE532L1_ULM/48.439869_10.107159.jpg,4,0,water,0.0,6881
830,France/images/FR060L2_CHARTRES/48.384295_1.474352.jpg,3,1,urban_fabric,1584.42724922,15130
831,Poland/images/PL045L1_STALOWA_WOLA/50.778952_22.081301.jpg,1,0,forests,0.0,10354
832,Spain/images/ES519L1_ALBACETE/39.157656_-1.955033.jpg,1,0,forests,0.0,10083
833,Poland/images/PL033L1_LUBIN/51.404764_16.208242.jpg,3,1,urban_fabric,35663.5120032,15016
834,Poland/images/PL032L1_PIOTRKOW_TRYBUNALSKI/51.311742_19.647594.jpg,1,0,forests,0.0,8956
835,Poland/images/PL514L2_TARNOW/49.895272_21.026721.jpg,1,0,forests,0.0,12516
836,France/images/FR324L1_MARTIGUES/43.469042_4.882299.jpg,1,0,forests,0.0,9291
837,Germany/images/DE011L1_DUSSELDORF/51.363950_6.903715.jpg,1,0,forests,0.0,10368
838,France/images/FR060L2_CHARTRES/48.380724_1.187919.jpg,1,0,forests,0.0,12116
839,Germany/images/DE523L1_PADERBORN/51.628373_8.602402.jpg,1,0,forests,0.0,10501
840,Poland/images/PL029L1_SLUPSK/54.440072_17.031984.jpg,1,0,forests,0.0,8339
841,Belgium/images/BE009L1_MONS/50.376401_3.965766.jpg,1,0,forests,0.0,11183
842,UK/images/UK539L1_BOURNEMOUTH/50.818687_-1.877480.jpg,3,1,urban_fabric,3524.67029798,15117
843,Belgium/images/BE009L1_MONS/50.456989_4.067692.jpg,1,0,forests,0.0,11894
844,Germany/images/DE507L1_AACHEN/50.863243_6.211524.jpg,3,1,urban_fabric,5542.70878821,15132
845,Germany/images/DE056L0_BRANDENBURG_AN_DER_HAVEL/52.376622_12.464354.jpg,4,0,water,0.0,5887
846,Germany/images/DE533L1_PFORZHEIM/48.842917_8.815772.jpg,1,0,forests,0.0,11412
847,Poland/images/PL049L1_SWIDNICA/50.771431_16.495686.jpg,3,1,urban_fabric,1624.71576503,14742
848,Germany/images/DE513L1_KASSEL/51.433311_9.618218.jpg,1,0,forests,0.0,10628
849,Poland/images/PL029L1_SLUPSK/54.188116_16.831975.jpg,1,0,forests,0.0,12952
850,France/images/FR050L2_MONTBELLIARD/47.563803_6.495081.jpg,1,0,forests,0.0,11795
851,Poland/images/PL033L1_LUBIN/51.386382_16.103813.jpg,1,0,forests,0.0,12075
852,Germany/images/DE083L1_BRAUNSCHWEIG_SALZGITTER_WOLFSBURG/52.512880_10.683925.jpg,1,0,forests,0.0,12361
853,France/images/FR036L2_ANGERS/47.617313_-0.261530.jpg,1,0,forests,0.0,10898
854,France/images/FR050L2_MONTBELLIARD/47.474757_6.698577.jpg,1,0,forests,0.0,10870
855,Germany/images/DE507L1_AACHEN/50.589617_6.341090.jpg,1,0,forests,0.0,11070
856,Germany/images/DE520L1_OLDENBURG_OLDENBURG/52.885651_8.234033.jpg,0,0,airports,0.0,11196
857,Germany/images/DE530L0_REMSCHEID/51.160176_7.215759.jpg,1,0,forests,0.0,9496
858,Germany/images/DE072L1_FRIEDRICHSHAFEN/47.764783_9.292444.jpg,3,1,urban_fabric,4128.00372668,13731
859,Poland/images/PL031L1_SIEDLCE/52.307968_22.505270.jpg,1,0,forests,0.0,11499
860,Germany/images/DE058L1_LUNEBURG/53.235321_10.501982.jpg,1,0,forests,0.0,12852
861,Poland/images/PL031L1_SIEDLCE/52.100385_22.272371.jpg,1,0,forests,0.0,11052
862,Germany/images/DE063L1_PLAUEN/50.466880_12.354186.jpg,3,1,urban_fabric,4195.67301249,14924
863,Poland/images/PL512L2_ELBLAG/53.981060_19.609502.jpg,1,0,forests,0.0,11645
864,Germany/images/DE019L2_MAGDEBURG/52.396756_11.826817.jpg,1,0,forests,0.0,10547
865,Germany/images/DE527L1_BREMERHAVEN/53.515608_8.715263.jpg,3,1,urban_fabric,1415.55587034,13820
866,Germany/images/DE513L1_KASSEL/51.423353_9.291972.jpg,1,0,forests,0.0,13240
867,France/images/FR093L2_BRIVE_LA_GAILLARDE/45.176047_1.523790.jpg,3,1,urban_fabric,2172.31138295,13054
868,Germany/images/DE037L1_MAINZ/49.940554_7.910508.jpg,2,1,other_roads_and_associated_land,3261.43309,13930
869,France/images/FR104L2_CHALONS_EN_CHAMPAGNE/48.891789_4.233940.jpg,1,0,forests,0.0,14065
870,Poland/images/PL516L2_LEGNICA/51.253132_16.419650.jpg,1,0,forests,0.0,12194
871,Spain/images/ES533L1_MARBELLA/36.518184_-4.634008.jpg,2,0,other_roads_and_associated_land,0.0,13556
872,Germany/images/DE061L1_ASCHAFFENBURG/49.815596_9.228576.jpg,1,0,forests,0.0,11289
873,Poland/images/PL035L1_INOWROCLAW/52.774832_18.256786.jpg,3,1,urban_fabric,5238.89740903,15114
874,Germany/images/DE540L2_SIEGEN/50.909865_8.302179.jpg,1,0,forests,0.0,14164
875,Poland/images/PL040L1_PRZEMYSL/49.775643_22.704942.jpg,1,0,forests,0.0,11589
876,France/images/FR104L2_CHALONS_EN_CHAMPAGNE/48.826679_4.508340.jpg,4,0,water,0.0,7886
877,France/images/FR043L2_PERPIGNAN/42.494066_2.625573.jpg,1,0,forests,0.0,10575
878,Germany/images/DE031L1_SCHWERIN/53.286306_11.293631.jpg,1,0,forests,0.0,14003
879,Germany/images/DE084L1_MANNHEIM_LUDWIGSHAFEN/49.625104_8.521195.jpg,1,0,forests,0.0,10182
880,Poland/images/PL040L1_PRZEMYSL/49.765285_22.658020.jpg,1,0,forests,0.0,10493
881,France/images/FR053L2_LA_ROCHELLE/46.225484_-0.814963.jpg,1,0,forests,0.0,11752
882,Germany/images/DE084L1_MANNHEIM_LUDWIGSHAFEN/49.411763_7.992425.jpg,1,0,forests,0.0,10927
883,France/images/FR209L2_DOUAI/50.264426_3.217953.jpg,3,1,urban_fabric,2254.73036802,13221
884,France/images/FR066L2_SAINT_BRIEUC/48.387000_-2.791733.jpg,1,0,forests,0.0,11780
885,Germany/images/DE546L0_WUPPERTAL/51.245846_7.224481.jpg,1,0,forests,0.0,9339
886,Poland/images/PL052L1_ELK/53.808279_22.479990.jpg,1,0,forests,0.0,12136
887,France/images/FR074L2_COMPIEGNE/49.363504_2.738189.jpg,3,1,urban_fabric,2758.12922859,9035
888,France/images/FR076L2_BELFORT/47.636393_6.737754.jpg,1,0,forests,0.0,10950
889,UK/images/UK539L1_BOURNEMOUTH/50.697559_-2.204099.jpg,1,0,forests,0.0,12974
890,Germany/images/DE037L1_MAINZ/50.004627_7.798286.jpg,1,0,forests,0.0,12131
891,France/images/FR049L2_LORIENT/47.986443_-3.441380.jpg,1,0,forests,0.0,6205
892,France/images/FR037L2_BREST/48.384725_-4.492251.jpg,2,0,other_roads_and_associated_land,0.0,9208
893,Germany/images/DE027L1_FREIBURG_IM_BREISGAU/47.912412_7.990796.jpg,1,0,forests,0.0,10891
894,Germany/images/DE513L1_KASSEL/51.537765_9.582847.jpg,1,0,forests,0.0,11507
895,France/images/FR058L2_CHAMBERY/45.634731_5.764398.jpg,1,0,forests,0.0,11441
896,Germany/images/DE045L1_ISERLOHN/51.408740_7.738013.jpg,1,0,forests,0.0,13165
897,France/images/FR506L1_COLMAR/48.185491_7.134786.jpg,1,0,forests,0.0,15174
898,Poland/images/PL033L1_LUBIN/51.298587_16.414705.jpg,1,0,forests,0.0,12402
899,Italy/images/IT034L1_BOLZANO/46.524002_11.457803.jpg,1,0,forests,0.0,11960
900,France/images/FR104L2_CHALONS_EN_CHAMPAGNE/48.778630_4.194427.jpg,0,0,airports,0.0,8748
901,France/images/FR052L2_SAINT_NAZAIRE/47.245057_-2.287356.jpg,3,1,urban_fabric,1905.50103591,13858
902,UK/images/UK517L1_SWANSEA/51.607401_-4.014716.jpg,1,0,forests,0.0,11623
903,Spain/images/ES028L1_REUS/41.118384_0.976293.jpg,1,0,forests,0.0,10302
904,France/images/FR044L2_NIMES/43.858158_4.436263.jpg,2,0,other_roads_and_associated_land,0.0,15537
905,Germany/images/DE065L1_FULDA/50.524758_9.749992.jpg,3,1,urban_fabric,852.309705115,8683
906,France/images/FR045L2_PAU/43.197133_-0.305774.jpg,1,0,forests,0.0,10185
907,Poland/images/PL029L1_SLUPSK/54.192399_16.882099.jpg,1,0,forests,0.0,11091
908,Poland/images/PL033L1_LUBIN/51.339511_16.197972.jpg,1,0,forests,0.0,12874
909,Poland/images/PL031L1_SIEDLCE/52.265875_22.181171.jpg,3,1,urban_fabric,546.346367278,8913
910,Poland/images/PL514L2_TARNOW/50.126252_21.075726.jpg,1,0,forests,0.0,11767
911,Italy/images/IT047L1_MASSA/44.036794_10.192066.jpg,1,0,forests,0.0,10193
912,Germany/images/DE078L1_GREIFSWALD/53.856089_13.657920.jpg,4,0,water,0.0,15160
913,Poland/images/PL514L2_TARNOW/50.148190_21.004305.jpg,1,0,forests,0.0,9558
914,Germany/images/DE043L2_ROSTOCK/53.833492_11.941054.jpg,4,0,water,0.0,6196
915,Poland/images/PL041L1_ZAMOSC/50.810431_23.083368.jpg,1,0,forests,0.0,10827
916,Germany/images/DE529L1_HEILBRONN/49.167714_9.020352.jpg,1,0,forests,0.0,11589
917,Poland/images/PL514L2_TARNOW/49.987089_20.710577.jpg,1,0,forests,0.0,12089
918,France/images/FR053L2_LA_ROCHELLE/46.178751_-0.729177.jpg,1,0,forests,0.0,11195
919,France/images/FR104L2_CHALONS_EN_CHAMPAGNE/48.991468_4.565651.jpg,1,0,forests,0.0,11982
920,Italy/images/IT054L1_MATERA/40.628968_16.458618.jpg,1,0,forests,0.0,12708
921,Poland/images/PL042L1_CHELM/51.244490_23.669633.jpg,1,0,forests,0.0,12146
922,Poland/images/PL029L1_SLUPSK/54.258367_17.351446.jpg,4,0,water,0.0,10344
923,Poland/images/PL517L2_GRUDZIADZ/53.432824_18.826035.jpg,1,0,forests,0.0,11384
924,Germany/images/DE513L1_KASSEL/51.551428_9.541788.jpg,1,0,forests,0.0,13295
925,Germany/images/DE546L0_WUPPERTAL/51.196917_7.151909.jpg,1,0,forests,0.0,9756
926,France/images/FR038L2_LE_MANS/47.961117_0.446610.jpg,1,0,forests,0.0,12143
927,Poland/images/PL029L1_SLUPSK/54.515072_16.899275.jpg,1,0,forests,0.0,9037
928,Spain/images/ES519L1_ALBACETE/39.138646_-1.852418.jpg,1,0,forests,0.0,13162
929,Germany/images/DE510L1_LUBECK/53.966731_10.793533.jpg,4,0,water,0.0,7276
930,France/images/FR324L1_MARTIGUES/43.383697_5.097257.jpg,1,0,forests,0.0,9707
931,Germany/images/DE083L1_BRAUNSCHWEIG_SALZGITTER_WOLFSBURG/52.381357_10.567140.jpg,1,0,forests,0.0,11183
932,Germany/images/DE054L1_KONSTANZ/47.814831_8.747108.jpg,1,0,forests,0.0,10409
933,France/images/FR209L2_DOUAI/50.437548_3.161606.jpg,1,0,forests,0.0,10108
934,Poland/images/PL512L2_ELBLAG/54.159037_19.417889.jpg,3,1,urban_fabric,16876.5702966,10509
935,France/images/FR093L2_BRIVE_LA_GAILLARDE/45.217416_1.569850.jpg,1,0,forests,0.0,12263
936,Germany/images/DE078L1_GREIFSWALD/53.657008_13.999824.jpg,1,0,forests,0.0,6778
937,UK/images/UK517L1_SWANSEA/51.630087_-3.701131.jpg,1,0,forests,0.0,10823
938,Germany/images/DE507L1_AACHEN/50.585752_6.344137.jpg,1,0,forests,0.0,10311
939,Poland/images/PL045L1_STALOWA_WOLA/50.758664_22.173277.jpg,4,0,water,0.0,5993
940,Germany/images/DE069L1_ROSENHEIM/47.980212_12.082496.jpg,1,0,forests,0.0,12481
941,Germany/images/DE535L1_GERA/50.891505_12.026918.jpg,1,0,forests,0.0,10130
942,France/images/FR048L2_ANNECY/45.926743_6.102433.jpg,0,0,airports,0.0,11469
943,Germany/images/DE546L0_WUPPERTAL/51.232499_7.144204.jpg,3,1,urban_fabric,1179.47993138,9666
944,France/images/FR090L2_CHATEAUROUX/46.791715_1.928034.jpg,1,0,forests,0.0,11941
945,UK/images/UK551L0_FALKIRK/56.042644_-3.921440.jpg,1,0,forests,0.0,8479
946,UK/images/UK539L1_BOURNEMOUTH/50.772855_-2.042678.jpg,1,0,forests,0.0,11085
947,Poland/images/PL044L1_GLOGOW/51.686046_16.193719.jpg,1,0,forests,0.0,8560
948,Germany/images/DE523L1_PADERBORN/51.730904_8.699257.jpg,3,1,urban_fabric,5303.44657419,16055
949,UK/images/UK571L1_CHELTENHAM/51.932795_-1.979935.jpg,1,0,forests,0.0,12697
950,Spain/images/ES533L1_MARBELLA/36.564702_-4.618383.jpg,2,0,other_roads_and_associated_land,0.0,15270
951,Poland/images/PL032L1_PIOTRKOW_TRYBUNALSKI/51.532065_19.427021.jpg,1,0,forests,0.0,11664
952,France/images/FR063L2_BEZIERS/43.412966_3.093764.jpg,1,0,forests,0.0,10224
953,Germany/images/DE522L1_HEIDELBERG/49.270377_8.571043.jpg,1,0,forests,0.0,11108
954,France/images/FR073L2_TARBES/43.263490_0.112610.jpg,1,0,forests,0.0,9793
955,Germany/images/DE031L1_SCHWERIN/53.408477_11.611259.jpg,4,0,water,0.0,5946
956,Belgium/images/BE008L1_LEUVEN/50.814064_4.768127.jpg,1,0,forests,0.0,10229
957,Germany/images/DE035L1_KARLSRUHE/48.979830_8.507151.jpg,1,0,forests,0.0,17597
958,Poland/images/PL029L1_SLUPSK/54.561661_17.164572.jpg,1,0,forests,0.0,12088
959,Poland/images/PL045L1_STALOWA_WOLA/50.391705_22.285464.jpg,1,0,forests,0.0,12657
960,Germany/images/DE077L1_SCHWEINFURT/50.250154_10.038352.jpg,1,0,forests,0.0,14721
961,France/images/FR067L2_QUIMPER/47.946919_-4.079842.jpg,1,0,forests,0.0,9794
962,Germany/images/DE032L1_ERFURT/50.801586_10.750473.jpg,1,0,forests,0.0,11899
963,France/images/FR056L2_ANGOULEME/45.735342_-0.075649.jpg,1,0,forests,0.0,8422
964,Spain/images/ES519L1_ALBACETE/38.899413_-1.615327.jpg,1,0,forests,0.0,15394
965,Germany/images/DE069L1_ROSENHEIM/47.967421_12.252195.jpg,1,0,forests,0.0,12147
966,Poland/images/PL046L1_TOMASZOW_MAZOWIECKI/51.490159_20.071600.jpg,1,0,forests,0.0,10786
967,France/images/FR043L2_PERPIGNAN/42.580935_2.658061.jpg,1,0,forests,0.0,12564
968,Germany/images/DE530L0_REMSCHEID/51.166696_7.195068.jpg,3,1,urban_fabric,8368.75600243,12060
969,Germany/images/DE077L1_SCHWEINFURT/50.222119_10.174234.jpg,1,0,forests,0.0,16168
970,Germany/images/DE065L1_FULDA/50.549329_9.875486.jpg,3,1,urban_fabric,2373.90145999,11523
971,France/images/FR084L2_CREIL/49.351628_2.483842.jpg,1,0,forests,0.0,10613
972,Germany/images/DE078L1_GREIFSWALD/53.579064_13.737462.jpg,1,0,forests,0.0,9292
973,Germany/images/DE058L1_LUNEBURG/53.208069_10.604513.jpg,1,0,forests,0.0,13037
974,Spain/images/ES519L1_ALBACETE/38.949188_-1.618142.jpg,1,0,forests,0.0,14263
975,Poland/images/PL032L1_PIOTRKOW_TRYBUNALSKI/51.350134_19.966001.jpg,1,0,forests,0.0,10607
976,Germany/images/DE065L1_FULDA/50.542696_9.948630.jpg,1,0,forests,0.0,11930
977,Germany/images/DE520L1_OLDENBURG_OLDENBURG/53.191432_8.049250.jpg,3,1,urban_fabric,2172.85102288,13580
978,Belgium/images/BE008L1_LEUVEN/50.893396_4.760564.jpg,1,0,forests,0.0,8704
979,Poland/images/PL514L2_TARNOW/50.005813_20.866627.jpg,3,1,urban_fabric,1191.14716977,9194
980,France/images/FR104L2_CHALONS_EN_CHAMPAGNE/48.962432_4.577253.jpg,1,0,forests,0.0,13595
981,Germany/images/DE527L1_BREMERHAVEN/53.788480_8.616277.jpg,3,1,urban_fabric,2347.21025568,14607
982,Poland/images/PL512L2_ELBLAG/54.226973_19.427638.jpg,1,0,forests,0.0,11788
983,Germany/images/DE044L1_KAISERSLAUTERN/49.491866_7.788717.jpg,1,0,forests,0.0,8541
984,Germany/images/DE513L1_KASSEL/51.306419_9.474437.jpg,2,1,other_roads_and_associated_land,7513.64095183,16364
985,Belgium/images/BE008L1_LEUVEN/50.898096_4.753210.jpg,3,1,urban_fabric,2141.6578335,12902
986,France/images/FR064L2_ARRAS/50.375184_2.771556.jpg,1,0,forests,0.0,9427
987,Poland/images/PL044L1_GLOGOW/51.602974_16.060883.jpg,1,0,forests,0.0,12387
988,Germany/images/DE033L2_AUGSBURG/48.281212_10.679259.jpg,1,0,forests,0.0,8991
989,UK/images/UK517L1_SWANSEA/51.724822_-3.669118.jpg,4,0,water,0.0,6553
990,Germany/images/DE060L1_CELLE/52.631299_10.076282.jpg,3,1,urban_fabric,5045.17985553,14259
991,Germany/images/DE034L1_BONN/50.652249_7.236594.jpg,1,1,forests,57.8113229233,10373
992,France/images/FR090L2_CHATEAUROUX/46.782247_1.594309.jpg,1,0,forests,0.0,12754
993,France/images/FR068L2_VANNES/47.763671_-2.475202.jpg,1,0,forests,0.0,10396
994,Germany/images/DE033L2_AUGSBURG/48.320258_10.952580.jpg,1,0,forests,0.0,9493
995,France/images/FR059L2_CHALON_SUR_SAONE/46.627611_5.063065.jpg,1,0,forests,0.0,12446
996,Germany/images/DE084L1_MANNHEIM_LUDWIGSHAFEN/49.504786_8.437382.jpg,4,0,water,0.0,9064
997,France/images/FR324L1_MARTIGUES/43.446067_4.991256.jpg,4,0,water,0.0,7208
998,France/images/FR060L2_CHARTRES/48.505504_1.371117.jpg,1,0,forests,0.0,12231
999,Germany/images/DE540L2_SIEGEN/50.799836_7.767763.jpg,1,0,forests,0.0,12517
